packet_index,epoch,operation,kind,function,message_id,lane,shard_index,fragment_part,fragment_total,direction,role,transport,server_ip,server_port,payload_bytes,timestamp_us,censorlab_packet_index,action,blocked
1,0,-1,calibration,calibration,,calibration,-1,0,1,client_to_server,calibration,tcp,198.51.100.1,8443,28,0,2,drop,1
2,0,-1000,probe,text,d859f3efefff72636b493ec139908da8,direct-0,0,0,1,client_to_server,data,tcp,198.51.100.1,8443,185,1000000,3,drop,1
3,0,-1000,probe,text,d859f3efefff72636b493ec139908da8,direct-0,0,0,1,server_to_client,ack,tcp,198.51.100.1,8443,38,1091000,4,drop,1
4,0,-1001,probe,text,18ebaeff0c67e4a757a1f0635632695f,fixed-0,0,0,1,client_to_server,data,tcp,198.51.100.2,8443,185,2000000,5,drop,1
5,0,-1001,probe,text,18ebaeff0c67e4a757a1f0635632695f,fixed-0,0,0,1,server_to_client,ack,tcp,198.51.100.2,8443,38,2081000,6,drop,1
6,0,-1002,probe,text,abf283352ff2666cd7cbbb8adce111e4,generated-0,0,0,1,client_to_server,data,tcp,203.0.113.10,8443,185,3000000,7,drop,1
7,0,-1002,probe,text,abf283352ff2666cd7cbbb8adce111e4,generated-0,0,0,1,server_to_client,ack,tcp,203.0.113.10,8443,38,3131000,8,drop,1
8,0,-1003,probe,text,5b4611b34003a05995036b7a1c57186c,generated-1,0,0,1,client_to_server,data,tcp,203.0.113.11,8443,185,4000000,9,allow,0
9,0,-1003,probe,text,5b4611b34003a05995036b7a1c57186c,generated-1,0,0,1,server_to_client,ack,tcp,203.0.113.11,8443,38,4141000,10,allow,0
10,0,-1004,probe,text,18a9e5a83b3f76a23e3642529afdebeb,ephemeral-0,0,0,1,client_to_server,data,udp,203.0.113.20,8443,185,5000000,11,allow,0
11,0,-1004,probe,text,18a9e5a83b3f76a23e3642529afdebeb,ephemeral-0,0,0,1,server_to_client,ack,udp,203.0.113.20,8443,38,5171000,12,allow,0
12,0,-1005,probe,text,2d136f02d0a735cd4445173abb527d60,ephemeral-1,0,0,1,client_to_server,data,udp,203.0.113.21,8443,185,6000000,13,allow,0
13,0,-1005,probe,text,2d136f02d0a735cd4445173abb527d60,ephemeral-1,0,0,1,server_to_client,ack,udp,203.0.113.21,8443,38,6181000,14,allow,0
14,0,0,application,text,300152316737f3037ff8c1fdb66f2636,generated-0,0,0,1,client_to_server,data,tcp,203.0.113.10,8443,601,7000000,15,drop,1
15,0,0,application,text,300152316737f3037ff8c1fdb66f2636,generated-0,0,0,1,server_to_client,ack,tcp,203.0.113.10,8443,38,7131000,16,allow,0
16,0,0,application,text,300152316737f3037ff8c1fdb66f2636,ephemeral-0,1,0,1,client_to_server,data,udp,203.0.113.20,8443,601,7000000,17,allow,0
17,0,0,application,text,300152316737f3037ff8c1fdb66f2636,ephemeral-0,1,0,1,server_to_client,ack,udp,203.0.113.20,8443,38,7171000,18,allow,0
18,0,1,application,presence,e8074336ce39af521572720617412764,generated-0,0,0,1,client_to_server,data,tcp,203.0.113.10,8443,185,8000000,19,drop,1
19,0,1,application,presence,e8074336ce39af521572720617412764,generated-0,0,0,1,server_to_client,ack,tcp,203.0.113.10,8443,38,8131000,20,allow,0
20,0,1,application,presence,e8074336ce39af521572720617412764,ephemeral-0,1,0,1,client_to_server,data,udp,203.0.113.20,8443,185,8000000,21,allow,0
21,0,1,application,presence,e8074336ce39af521572720617412764,ephemeral-0,1,0,1,server_to_client,ack,udp,203.0.113.20,8443,38,8171000,22,allow,0
22,0,2,application,media,128f61ff774adeed8f91dd55b52d9161,generated-0,0,0,5,client_to_server,data,tcp,203.0.113.10,8443,925,9000000,23,drop,1
23,0,2,application,media,128f61ff774adeed8f91dd55b52d9161,generated-0,0,1,5,client_to_server,data,tcp,203.0.113.10,8443,925,9001000,24,drop,1
24,0,2,application,media,128f61ff774adeed8f91dd55b52d9161,generated-0,0,2,5,client_to_server,data,tcp,203.0.113.10,8443,925,9002000,25,drop,1
25,0,2,application,media,128f61ff774adeed8f91dd55b52d9161,generated-0,0,3,5,client_to_server,data,tcp,203.0.113.10,8443,925,9003000,26,drop,1
26,0,2,application,media,128f61ff774adeed8f91dd55b52d9161,generated-0,0,4,5,client_to_server,data,tcp,203.0.113.10,8443,585,9004000,27,drop,1
27,0,2,application,media,128f61ff774adeed8f91dd55b52d9161,generated-0,0,0,1,server_to_client,ack,tcp,203.0.113.10,8443,38,9135000,28,drop,1
28,0,2,application,media,128f61ff774adeed8f91dd55b52d9161,ephemeral-0,1,0,5,client_to_server,data,udp,203.0.113.20,8443,925,9000000,29,allow,0
29,0,2,application,media,128f61ff774adeed8f91dd55b52d9161,ephemeral-0,1,1,5,client_to_server,data,udp,203.0.113.20,8443,925,9001000,30,allow,0
30,0,2,application,media,128f61ff774adeed8f91dd55b52d9161,ephemeral-0,1,2,5,client_to_server,data,udp,203.0.113.20,8443,925,9002000,31,allow,0
31,0,2,application,media,128f61ff774adeed8f91dd55b52d9161,ephemeral-0,1,3,5,client_to_server,data,udp,203.0.113.20,8443,925,9003000,32,allow,0
32,0,2,application,media,128f61ff774adeed8f91dd55b52d9161,ephemeral-0,1,4,5,client_to_server,data,udp,203.0.113.20,8443,585,9004000,33,allow,0
33,0,2,application,media,128f61ff774adeed8f91dd55b52d9161,ephemeral-0,1,0,1,server_to_client,ack,udp,203.0.113.20,8443,38,9175000,34,allow,0
34,0,3,application,file,1dbeb508e98f6815352488cfcaea8750,generated-0,0,0,10,client_to_server,data,tcp,203.0.113.10,8443,925,10000000,35,drop,1
35,0,3,application,file,1dbeb508e98f6815352488cfcaea8750,generated-0,0,1,10,client_to_server,data,tcp,203.0.113.10,8443,925,10001000,36,drop,1
36,0,3,application,file,1dbeb508e98f6815352488cfcaea8750,generated-0,0,2,10,client_to_server,data,tcp,203.0.113.10,8443,925,10002000,37,drop,1
37,0,3,application,file,1dbeb508e98f6815352488cfcaea8750,generated-0,0,3,10,client_to_server,data,tcp,203.0.113.10,8443,925,10003000,38,drop,1
38,0,3,application,file,1dbeb508e98f6815352488cfcaea8750,generated-0,0,4,10,client_to_server,data,tcp,203.0.113.10,8443,925,10004000,39,drop,1
39,0,3,application,file,1dbeb508e98f6815352488cfcaea8750,generated-0,0,5,10,client_to_server,data,tcp,203.0.113.10,8443,925,10005000,40,drop,1
40,0,3,application,file,1dbeb508e98f6815352488cfcaea8750,generated-0,0,6,10,client_to_server,data,tcp,203.0.113.10,8443,925,10006000,41,drop,1
41,0,3,application,file,1dbeb508e98f6815352488cfcaea8750,generated-0,0,7,10,client_to_server,data,tcp,203.0.113.10,8443,925,10007000,42,drop,1
42,0,3,application,file,1dbeb508e98f6815352488cfcaea8750,generated-0,0,8,10,client_to_server,data,tcp,203.0.113.10,8443,925,10008000,43,drop,1
43,0,3,application,file,1dbeb508e98f6815352488cfcaea8750,generated-0,0,9,10,client_to_server,data,tcp,203.0.113.10,8443,181,10009000,44,drop,1
44,0,3,application,file,1dbeb508e98f6815352488cfcaea8750,generated-0,0,0,1,server_to_client,ack,tcp,203.0.113.10,8443,38,10140000,45,drop,1
45,0,3,application,file,1dbeb508e98f6815352488cfcaea8750,ephemeral-0,1,0,10,client_to_server,data,udp,203.0.113.20,8443,925,10000000,46,allow,0
46,0,3,application,file,1dbeb508e98f6815352488cfcaea8750,ephemeral-0,1,1,10,client_to_server,data,udp,203.0.113.20,8443,925,10001000,47,allow,0
47,0,3,application,file,1dbeb508e98f6815352488cfcaea8750,ephemeral-0,1,2,10,client_to_server,data,udp,203.0.113.20,8443,925,10002000,48,allow,0
48,0,3,application,file,1dbeb508e98f6815352488cfcaea8750,ephemeral-0,1,3,10,client_to_server,data,udp,203.0.113.20,8443,925,10003000,49,allow,0
49,0,3,application,file,1dbeb508e98f6815352488cfcaea8750,ephemeral-0,1,4,10,client_to_server,data,udp,203.0.113.20,8443,925,10004000,50,allow,0
50,0,3,application,file,1dbeb508e98f6815352488cfcaea8750,ephemeral-0,1,5,10,client_to_server,data,udp,203.0.113.20,8443,925,10005000,51,allow,0
51,0,3,application,file,1dbeb508e98f6815352488cfcaea8750,ephemeral-0,1,6,10,client_to_server,data,udp,203.0.113.20,8443,925,10006000,52,allow,0
52,0,3,application,file,1dbeb508e98f6815352488cfcaea8750,ephemeral-0,1,7,10,client_to_server,data,udp,203.0.113.20,8443,925,10007000,53,allow,0
53,0,3,application,file,1dbeb508e98f6815352488cfcaea8750,ephemeral-0,1,8,10,client_to_server,data,udp,203.0.113.20,8443,925,10008000,54,allow,0
54,0,3,application,file,1dbeb508e98f6815352488cfcaea8750,ephemeral-0,1,9,10,client_to_server,data,udp,203.0.113.20,8443,181,10009000,55,allow,0
55,0,3,application,file,1dbeb508e98f6815352488cfcaea8750,ephemeral-0,1,0,1,server_to_client,ack,udp,203.0.113.20,8443,38,10180000,56,allow,0
56,0,4,application,realtime,37020cc58bdc45964b96c46aab0536ca,generated-0,0,0,2,client_to_server,data,tcp,203.0.113.10,8443,925,11000000,57,drop,1
57,0,4,application,realtime,37020cc58bdc45964b96c46aab0536ca,generated-0,0,1,2,client_to_server,data,tcp,203.0.113.10,8443,213,11001000,58,drop,1
58,0,4,application,realtime,37020cc58bdc45964b96c46aab0536ca,generated-0,0,0,1,server_to_client,ack,tcp,203.0.113.10,8443,38,11132000,59,drop,1
59,0,4,application,realtime,37020cc58bdc45964b96c46aab0536ca,ephemeral-0,1,0,2,client_to_server,data,udp,203.0.113.20,8443,925,11000000,60,allow,0
60,0,4,application,realtime,37020cc58bdc45964b96c46aab0536ca,ephemeral-0,1,1,2,client_to_server,data,udp,203.0.113.20,8443,213,11001000,61,allow,0
61,0,4,application,realtime,37020cc58bdc45964b96c46aab0536ca,ephemeral-0,1,0,1,server_to_client,ack,udp,203.0.113.20,8443,38,11172000,62,allow,0
62,0,5,application,text,c375db3638a467d44cf3b6e820a35d73,generated-0,0,0,1,client_to_server,data,tcp,203.0.113.10,8443,601,12000000,63,drop,1
63,0,5,application,text,c375db3638a467d44cf3b6e820a35d73,generated-0,0,0,1,server_to_client,ack,tcp,203.0.113.10,8443,38,12131000,64,drop,1
64,0,5,application,text,c375db3638a467d44cf3b6e820a35d73,ephemeral-0,1,0,1,client_to_server,data,udp,203.0.113.20,8443,601,12000000,65,allow,0
65,0,5,application,text,c375db3638a467d44cf3b6e820a35d73,ephemeral-0,1,0,1,server_to_client,ack,udp,203.0.113.20,8443,38,12171000,66,allow,0
66,0,6,application,presence,20204857d0069eb54bbbd70912e10e77,generated-0,0,0,1,client_to_server,data,tcp,203.0.113.10,8443,185,13000000,67,allow,0
67,0,6,application,presence,20204857d0069eb54bbbd70912e10e77,generated-0,0,0,1,server_to_client,ack,tcp,203.0.113.10,8443,38,13131000,68,allow,0
68,0,6,application,presence,20204857d0069eb54bbbd70912e10e77,ephemeral-0,1,0,1,client_to_server,data,udp,203.0.113.20,8443,185,13000000,69,allow,0
69,0,6,application,presence,20204857d0069eb54bbbd70912e10e77,ephemeral-0,1,0,1,server_to_client,ack,udp,203.0.113.20,8443,38,13171000,70,allow,0
70,0,7,application,media,f24d54d18b909fa4867cba71cc638a52,generated-0,0,0,5,client_to_server,data,tcp,203.0.113.10,8443,925,14000000,71,drop,1
71,0,7,application,media,f24d54d18b909fa4867cba71cc638a52,generated-0,0,1,5,client_to_server,data,tcp,203.0.113.10,8443,925,14001000,72,drop,1
72,0,7,application,media,f24d54d18b909fa4867cba71cc638a52,generated-0,0,2,5,client_to_server,data,tcp,203.0.113.10,8443,925,14002000,73,drop,1
73,0,7,application,media,f24d54d18b909fa4867cba71cc638a52,generated-0,0,3,5,client_to_server,data,tcp,203.0.113.10,8443,925,14003000,74,drop,1
74,0,7,application,media,f24d54d18b909fa4867cba71cc638a52,generated-0,0,4,5,client_to_server,data,tcp,203.0.113.10,8443,585,14004000,75,drop,1
75,0,7,application,media,f24d54d18b909fa4867cba71cc638a52,generated-0,0,0,1,server_to_client,ack,tcp,203.0.113.10,8443,38,14135000,76,drop,1
76,0,7,application,media,f24d54d18b909fa4867cba71cc638a52,ephemeral-0,1,0,5,client_to_server,data,udp,203.0.113.20,8443,925,14000000,77,allow,0
77,0,7,application,media,f24d54d18b909fa4867cba71cc638a52,ephemeral-0,1,1,5,client_to_server,data,udp,203.0.113.20,8443,925,14001000,78,allow,0
78,0,7,application,media,f24d54d18b909fa4867cba71cc638a52,ephemeral-0,1,2,5,client_to_server,data,udp,203.0.113.20,8443,925,14002000,79,allow,0
79,0,7,application,media,f24d54d18b909fa4867cba71cc638a52,ephemeral-0,1,3,5,client_to_server,data,udp,203.0.113.20,8443,925,14003000,80,allow,0
80,0,7,application,media,f24d54d18b909fa4867cba71cc638a52,ephemeral-0,1,4,5,client_to_server,data,udp,203.0.113.20,8443,585,14004000,81,allow,0
81,0,7,application,media,f24d54d18b909fa4867cba71cc638a52,ephemeral-0,1,0,1,server_to_client,ack,udp,203.0.113.20,8443,38,14175000,82,allow,0
82,0,8,application,file,a5b96c7c29f7099d5541591ff794fd7c,generated-0,0,0,10,client_to_server,data,tcp,203.0.113.10,8443,925,15000000,83,drop,1
83,0,8,application,file,a5b96c7c29f7099d5541591ff794fd7c,generated-0,0,1,10,client_to_server,data,tcp,203.0.113.10,8443,925,15001000,84,drop,1
84,0,8,application,file,a5b96c7c29f7099d5541591ff794fd7c,generated-0,0,2,10,client_to_server,data,tcp,203.0.113.10,8443,925,15002000,85,drop,1
85,0,8,application,file,a5b96c7c29f7099d5541591ff794fd7c,generated-0,0,3,10,client_to_server,data,tcp,203.0.113.10,8443,925,15003000,86,drop,1
86,0,8,application,file,a5b96c7c29f7099d5541591ff794fd7c,generated-0,0,4,10,client_to_server,data,tcp,203.0.113.10,8443,925,15004000,87,drop,1
87,0,8,application,file,a5b96c7c29f7099d5541591ff794fd7c,generated-0,0,5,10,client_to_server,data,tcp,203.0.113.10,8443,925,15005000,88,drop,1
88,0,8,application,file,a5b96c7c29f7099d5541591ff794fd7c,generated-0,0,6,10,client_to_server,data,tcp,203.0.113.10,8443,925,15006000,89,drop,1
89,0,8,application,file,a5b96c7c29f7099d5541591ff794fd7c,generated-0,0,7,10,client_to_server,data,tcp,203.0.113.10,8443,925,15007000,90,drop,1
90,0,8,application,file,a5b96c7c29f7099d5541591ff794fd7c,generated-0,0,8,10,client_to_server,data,tcp,203.0.113.10,8443,925,15008000,91,drop,1
91,0,8,application,file,a5b96c7c29f7099d5541591ff794fd7c,generated-0,0,9,10,client_to_server,data,tcp,203.0.113.10,8443,181,15009000,92,drop,1
92,0,8,application,file,a5b96c7c29f7099d5541591ff794fd7c,generated-0,0,0,1,server_to_client,ack,tcp,203.0.113.10,8443,38,15140000,93,drop,1
93,0,8,application,file,a5b96c7c29f7099d5541591ff794fd7c,ephemeral-0,1,0,10,client_to_server,data,udp,203.0.113.20,8443,925,15000000,94,allow,0
94,0,8,application,file,a5b96c7c29f7099d5541591ff794fd7c,ephemeral-0,1,1,10,client_to_server,data,udp,203.0.113.20,8443,925,15001000,95,allow,0
95,0,8,application,file,a5b96c7c29f7099d5541591ff794fd7c,ephemeral-0,1,2,10,client_to_server,data,udp,203.0.113.20,8443,925,15002000,96,allow,0
96,0,8,application,file,a5b96c7c29f7099d5541591ff794fd7c,ephemeral-0,1,3,10,client_to_server,data,udp,203.0.113.20,8443,925,15003000,97,allow,0
97,0,8,application,file,a5b96c7c29f7099d5541591ff794fd7c,ephemeral-0,1,4,10,client_to_server,data,udp,203.0.113.20,8443,925,15004000,98,allow,0
98,0,8,application,file,a5b96c7c29f7099d5541591ff794fd7c,ephemeral-0,1,5,10,client_to_server,data,udp,203.0.113.20,8443,925,15005000,99,allow,0
99,0,8,application,file,a5b96c7c29f7099d5541591ff794fd7c,ephemeral-0,1,6,10,client_to_server,data,udp,203.0.113.20,8443,925,15006000,100,allow,0
100,0,8,application,file,a5b96c7c29f7099d5541591ff794fd7c,ephemeral-0,1,7,10,client_to_server,data,udp,203.0.113.20,8443,925,15007000,101,allow,0
101,0,8,application,file,a5b96c7c29f7099d5541591ff794fd7c,ephemeral-0,1,8,10,client_to_server,data,udp,203.0.113.20,8443,925,15008000,102,allow,0
102,0,8,application,file,a5b96c7c29f7099d5541591ff794fd7c,ephemeral-0,1,9,10,client_to_server,data,udp,203.0.113.20,8443,181,15009000,103,allow,0
103,0,8,application,file,a5b96c7c29f7099d5541591ff794fd7c,ephemeral-0,1,0,1,server_to_client,ack,udp,203.0.113.20,8443,38,15180000,104,allow,0
104,0,9,application,realtime,2895b0e684c3f1031e40f1c4d8d9f722,generated-0,0,0,2,client_to_server,data,tcp,203.0.113.10,8443,925,16000000,105,drop,1
105,0,9,application,realtime,2895b0e684c3f1031e40f1c4d8d9f722,generated-0,0,1,2,client_to_server,data,tcp,203.0.113.10,8443,213,16001000,106,drop,1
106,0,9,application,realtime,2895b0e684c3f1031e40f1c4d8d9f722,generated-0,0,0,1,server_to_client,ack,tcp,203.0.113.10,8443,38,16132000,107,allow,0
107,0,9,application,realtime,2895b0e684c3f1031e40f1c4d8d9f722,ephemeral-0,1,0,2,client_to_server,data,udp,203.0.113.20,8443,925,16000000,108,allow,0
108,0,9,application,realtime,2895b0e684c3f1031e40f1c4d8d9f722,ephemeral-0,1,1,2,client_to_server,data,udp,203.0.113.20,8443,213,16001000,109,allow,0
109,0,9,application,realtime,2895b0e684c3f1031e40f1c4d8d9f722,ephemeral-0,1,0,1,server_to_client,ack,udp,203.0.113.20,8443,38,16172000,110,allow,0
1,1,-1,calibration,calibration,,calibration,-1,0,1,client_to_server,calibration,tcp,198.51.100.1,8443,28,100000000,2,drop,1
2,1,-1000,probe,text,82970dbf8a5b5f457308930f6cd683b4,direct-0,0,0,1,client_to_server,data,tcp,198.51.100.1,8443,185,101000000,3,drop,1
3,1,-1000,probe,text,82970dbf8a5b5f457308930f6cd683b4,direct-0,0,0,1,server_to_client,ack,tcp,198.51.100.1,8443,38,101091000,4,drop,1
4,1,-1001,probe,text,50652857464b4400dc71828be814c0eb,fixed-0,0,0,1,client_to_server,data,tcp,198.51.100.2,8443,185,102000000,5,allow,0
5,1,-1001,probe,text,50652857464b4400dc71828be814c0eb,fixed-0,0,0,1,server_to_client,ack,tcp,198.51.100.2,8443,38,102081000,6,allow,0
6,1,-1002,probe,text,685d26897748d1fa3a8515fdfea44897,generated-0,0,0,1,client_to_server,data,tcp,203.0.113.10,8443,185,103000000,7,allow,0
7,1,-1002,probe,text,685d26897748d1fa3a8515fdfea44897,generated-0,0,0,1,server_to_client,ack,tcp,203.0.113.10,8443,38,103131000,8,allow,0
8,1,-1003,probe,text,8c0b09bb81f6de329c2c744a4203a234,generated-1,0,0,1,client_to_server,data,tcp,203.0.113.11,8443,185,104000000,9,drop,1
9,1,-1003,probe,text,8c0b09bb81f6de329c2c744a4203a234,generated-1,0,0,1,server_to_client,ack,tcp,203.0.113.11,8443,38,104141000,10,drop,1
10,1,-1004,probe,text,f5e499610e9095c972ddea6ab04e2f5b,ephemeral-0,0,0,1,client_to_server,data,udp,203.0.113.20,8443,185,105000000,11,allow,0
11,1,-1004,probe,text,f5e499610e9095c972ddea6ab04e2f5b,ephemeral-0,0,0,1,server_to_client,ack,udp,203.0.113.20,8443,38,105171000,12,allow,0
12,1,-1005,probe,text,6905369b7a224e875bc735ba03ae98a7,ephemeral-1,0,0,1,client_to_server,data,udp,203.0.113.21,8443,185,106000000,13,allow,0
13,1,-1005,probe,text,6905369b7a224e875bc735ba03ae98a7,ephemeral-1,0,0,1,server_to_client,ack,udp,203.0.113.21,8443,38,106181000,14,allow,0
14,1,10,application,text,4ae96a56a32ee66742bf31acafdf512e,ephemeral-0,0,0,1,client_to_server,data,udp,203.0.113.20,8443,601,107000000,15,allow,0
15,1,10,application,text,4ae96a56a32ee66742bf31acafdf512e,ephemeral-0,0,0,1,server_to_client,ack,udp,203.0.113.20,8443,38,107171000,16,allow,0
16,1,10,application,text,4ae96a56a32ee66742bf31acafdf512e,generated-1,1,0,1,client_to_server,data,tcp,203.0.113.11,8443,601,107000000,17,drop,1
17,1,10,application,text,4ae96a56a32ee66742bf31acafdf512e,generated-1,1,0,1,server_to_client,ack,tcp,203.0.113.11,8443,38,107141000,18,drop,1
18,1,11,application,presence,db7ccfe24569c9bcc291aaca75ccd95a,ephemeral-0,0,0,1,client_to_server,data,udp,203.0.113.20,8443,185,108000000,19,allow,0
19,1,11,application,presence,db7ccfe24569c9bcc291aaca75ccd95a,ephemeral-0,0,0,1,server_to_client,ack,udp,203.0.113.20,8443,38,108171000,20,allow,0
20,1,11,application,presence,db7ccfe24569c9bcc291aaca75ccd95a,generated-1,1,0,1,client_to_server,data,tcp,203.0.113.11,8443,185,108000000,21,drop,1
21,1,11,application,presence,db7ccfe24569c9bcc291aaca75ccd95a,generated-1,1,0,1,server_to_client,ack,tcp,203.0.113.11,8443,38,108141000,22,drop,1
22,1,12,application,media,ac5b7f0d082af64bcdb7922d6e88d4dc,ephemeral-0,0,0,5,client_to_server,data,udp,203.0.113.20,8443,925,109000000,23,allow,0
23,1,12,application,media,ac5b7f0d082af64bcdb7922d6e88d4dc,ephemeral-0,0,1,5,client_to_server,data,udp,203.0.113.20,8443,925,109001000,24,allow,0
24,1,12,application,media,ac5b7f0d082af64bcdb7922d6e88d4dc,ephemeral-0,0,2,5,client_to_server,data,udp,203.0.113.20,8443,925,109002000,25,allow,0
25,1,12,application,media,ac5b7f0d082af64bcdb7922d6e88d4dc,ephemeral-0,0,3,5,client_to_server,data,udp,203.0.113.20,8443,925,109003000,26,allow,0
26,1,12,application,media,ac5b7f0d082af64bcdb7922d6e88d4dc,ephemeral-0,0,4,5,client_to_server,data,udp,203.0.113.20,8443,585,109004000,27,allow,0
27,1,12,application,media,ac5b7f0d082af64bcdb7922d6e88d4dc,ephemeral-0,0,0,1,server_to_client,ack,udp,203.0.113.20,8443,38,109175000,28,allow,0
28,1,12,application,media,ac5b7f0d082af64bcdb7922d6e88d4dc,generated-1,1,0,5,client_to_server,data,tcp,203.0.113.11,8443,925,109000000,29,drop,1
29,1,12,application,media,ac5b7f0d082af64bcdb7922d6e88d4dc,generated-1,1,1,5,client_to_server,data,tcp,203.0.113.11,8443,925,109001000,30,drop,1
30,1,12,application,media,ac5b7f0d082af64bcdb7922d6e88d4dc,generated-1,1,2,5,client_to_server,data,tcp,203.0.113.11,8443,925,109002000,31,drop,1
31,1,12,application,media,ac5b7f0d082af64bcdb7922d6e88d4dc,generated-1,1,3,5,client_to_server,data,tcp,203.0.113.11,8443,925,109003000,32,drop,1
32,1,12,application,media,ac5b7f0d082af64bcdb7922d6e88d4dc,generated-1,1,4,5,client_to_server,data,tcp,203.0.113.11,8443,585,109004000,33,drop,1
33,1,12,application,media,ac5b7f0d082af64bcdb7922d6e88d4dc,generated-1,1,0,1,server_to_client,ack,tcp,203.0.113.11,8443,38,109145000,34,drop,1
34,1,13,application,file,c913b6dfb2288c16f7530291242b703e,ephemeral-0,0,0,10,client_to_server,data,udp,203.0.113.20,8443,925,110000000,35,allow,0
35,1,13,application,file,c913b6dfb2288c16f7530291242b703e,ephemeral-0,0,1,10,client_to_server,data,udp,203.0.113.20,8443,925,110001000,36,allow,0
36,1,13,application,file,c913b6dfb2288c16f7530291242b703e,ephemeral-0,0,2,10,client_to_server,data,udp,203.0.113.20,8443,925,110002000,37,allow,0
37,1,13,application,file,c913b6dfb2288c16f7530291242b703e,ephemeral-0,0,3,10,client_to_server,data,udp,203.0.113.20,8443,925,110003000,38,allow,0
38,1,13,application,file,c913b6dfb2288c16f7530291242b703e,ephemeral-0,0,4,10,client_to_server,data,udp,203.0.113.20,8443,925,110004000,39,allow,0
39,1,13,application,file,c913b6dfb2288c16f7530291242b703e,ephemeral-0,0,5,10,client_to_server,data,udp,203.0.113.20,8443,925,110005000,40,allow,0
40,1,13,application,file,c913b6dfb2288c16f7530291242b703e,ephemeral-0,0,6,10,client_to_server,data,udp,203.0.113.20,8443,925,110006000,41,allow,0
41,1,13,application,file,c913b6dfb2288c16f7530291242b703e,ephemeral-0,0,7,10,client_to_server,data,udp,203.0.113.20,8443,925,110007000,42,allow,0
42,1,13,application,file,c913b6dfb2288c16f7530291242b703e,ephemeral-0,0,8,10,client_to_server,data,udp,203.0.113.20,8443,925,110008000,43,allow,0
43,1,13,application,file,c913b6dfb2288c16f7530291242b703e,ephemeral-0,0,9,10,client_to_server,data,udp,203.0.113.20,8443,181,110009000,44,allow,0
44,1,13,application,file,c913b6dfb2288c16f7530291242b703e,ephemeral-0,0,0,1,server_to_client,ack,udp,203.0.113.20,8443,38,110180000,45,allow,0
45,1,13,application,file,c913b6dfb2288c16f7530291242b703e,generated-1,1,0,10,client_to_server,data,tcp,203.0.113.11,8443,925,110000000,46,drop,1
46,1,13,application,file,c913b6dfb2288c16f7530291242b703e,generated-1,1,1,10,client_to_server,data,tcp,203.0.113.11,8443,925,110001000,47,drop,1
47,1,13,application,file,c913b6dfb2288c16f7530291242b703e,generated-1,1,2,10,client_to_server,data,tcp,203.0.113.11,8443,925,110002000,48,drop,1
48,1,13,application,file,c913b6dfb2288c16f7530291242b703e,generated-1,1,3,10,client_to_server,data,tcp,203.0.113.11,8443,925,110003000,49,drop,1
49,1,13,application,file,c913b6dfb2288c16f7530291242b703e,generated-1,1,4,10,client_to_server,data,tcp,203.0.113.11,8443,925,110004000,50,drop,1
50,1,13,application,file,c913b6dfb2288c16f7530291242b703e,generated-1,1,5,10,client_to_server,data,tcp,203.0.113.11,8443,925,110005000,51,drop,1
51,1,13,application,file,c913b6dfb2288c16f7530291242b703e,generated-1,1,6,10,client_to_server,data,tcp,203.0.113.11,8443,925,110006000,52,drop,1
52,1,13,application,file,c913b6dfb2288c16f7530291242b703e,generated-1,1,7,10,client_to_server,data,tcp,203.0.113.11,8443,925,110007000,53,drop,1
53,1,13,application,file,c913b6dfb2288c16f7530291242b703e,generated-1,1,8,10,client_to_server,data,tcp,203.0.113.11,8443,925,110008000,54,drop,1
54,1,13,application,file,c913b6dfb2288c16f7530291242b703e,generated-1,1,9,10,client_to_server,data,tcp,203.0.113.11,8443,181,110009000,55,drop,1
55,1,13,application,file,c913b6dfb2288c16f7530291242b703e,generated-1,1,0,1,server_to_client,ack,tcp,203.0.113.11,8443,38,110150000,56,drop,1
56,1,14,application,realtime,daeb2023273a2cdf7cf513c44d682c00,generated-1,0,0,2,client_to_server,data,tcp,203.0.113.11,8443,925,111000000,57,drop,1
57,1,14,application,realtime,daeb2023273a2cdf7cf513c44d682c00,generated-1,0,1,2,client_to_server,data,tcp,203.0.113.11,8443,213,111001000,58,drop,1
58,1,14,application,realtime,daeb2023273a2cdf7cf513c44d682c00,generated-1,0,0,1,server_to_client,ack,tcp,203.0.113.11,8443,38,111142000,59,drop,1
59,1,14,application,realtime,daeb2023273a2cdf7cf513c44d682c00,ephemeral-0,1,0,2,client_to_server,data,udp,203.0.113.20,8443,925,111000000,60,allow,0
60,1,14,application,realtime,daeb2023273a2cdf7cf513c44d682c00,ephemeral-0,1,1,2,client_to_server,data,udp,203.0.113.20,8443,213,111001000,61,allow,0
61,1,14,application,realtime,daeb2023273a2cdf7cf513c44d682c00,ephemeral-0,1,0,1,server_to_client,ack,udp,203.0.113.20,8443,38,111172000,62,allow,0
62,1,15,application,text,10b6d66721eb7ff74e9b8f8339b2e37e,ephemeral-0,0,0,1,client_to_server,data,udp,203.0.113.20,8443,601,112000000,63,allow,0
63,1,15,application,text,10b6d66721eb7ff74e9b8f8339b2e37e,ephemeral-0,0,0,1,server_to_client,ack,udp,203.0.113.20,8443,38,112171000,64,allow,0
64,1,15,application,text,10b6d66721eb7ff74e9b8f8339b2e37e,generated-1,1,0,1,client_to_server,data,tcp,203.0.113.11,8443,601,112000000,65,drop,1
65,1,15,application,text,10b6d66721eb7ff74e9b8f8339b2e37e,generated-1,1,0,1,server_to_client,ack,tcp,203.0.113.11,8443,38,112141000,66,drop,1
66,1,16,application,presence,ac59fa654046389bbba66a623f38d355,ephemeral-0,0,0,1,client_to_server,data,udp,203.0.113.20,8443,185,113000000,67,allow,0
67,1,16,application,presence,ac59fa654046389bbba66a623f38d355,ephemeral-0,0,0,1,server_to_client,ack,udp,203.0.113.20,8443,38,113171000,68,allow,0
68,1,16,application,presence,ac59fa654046389bbba66a623f38d355,generated-1,1,0,1,client_to_server,data,tcp,203.0.113.11,8443,185,113000000,69,drop,1
69,1,16,application,presence,ac59fa654046389bbba66a623f38d355,generated-1,1,0,1,server_to_client,ack,tcp,203.0.113.11,8443,38,113141000,70,allow,0
70,1,17,application,media,e38594a0ba58c084ad65ba34d2de2598,ephemeral-0,0,0,5,client_to_server,data,udp,203.0.113.20,8443,925,114000000,71,allow,0
71,1,17,application,media,e38594a0ba58c084ad65ba34d2de2598,ephemeral-0,0,1,5,client_to_server,data,udp,203.0.113.20,8443,925,114001000,72,allow,0
72,1,17,application,media,e38594a0ba58c084ad65ba34d2de2598,ephemeral-0,0,2,5,client_to_server,data,udp,203.0.113.20,8443,925,114002000,73,allow,0
73,1,17,application,media,e38594a0ba58c084ad65ba34d2de2598,ephemeral-0,0,3,5,client_to_server,data,udp,203.0.113.20,8443,925,114003000,74,allow,0
74,1,17,application,media,e38594a0ba58c084ad65ba34d2de2598,ephemeral-0,0,4,5,client_to_server,data,udp,203.0.113.20,8443,585,114004000,75,allow,0
75,1,17,application,media,e38594a0ba58c084ad65ba34d2de2598,ephemeral-0,0,0,1,server_to_client,ack,udp,203.0.113.20,8443,38,114175000,76,allow,0
76,1,17,application,media,e38594a0ba58c084ad65ba34d2de2598,generated-1,1,0,5,client_to_server,data,tcp,203.0.113.11,8443,925,114000000,77,drop,1
77,1,17,application,media,e38594a0ba58c084ad65ba34d2de2598,generated-1,1,1,5,client_to_server,data,tcp,203.0.113.11,8443,925,114001000,78,drop,1
78,1,17,application,media,e38594a0ba58c084ad65ba34d2de2598,generated-1,1,2,5,client_to_server,data,tcp,203.0.113.11,8443,925,114002000,79,drop,1
79,1,17,application,media,e38594a0ba58c084ad65ba34d2de2598,generated-1,1,3,5,client_to_server,data,tcp,203.0.113.11,8443,925,114003000,80,drop,1
80,1,17,application,media,e38594a0ba58c084ad65ba34d2de2598,generated-1,1,4,5,client_to_server,data,tcp,203.0.113.11,8443,585,114004000,81,drop,1
81,1,17,application,media,e38594a0ba58c084ad65ba34d2de2598,generated-1,1,0,1,server_to_client,ack,tcp,203.0.113.11,8443,38,114145000,82,drop,1
82,1,18,application,file,0e6aaf51c2910a4ac5b46d2d5728cd64,ephemeral-0,0,0,10,client_to_server,data,udp,203.0.113.20,8443,925,115000000,83,allow,0
83,1,18,application,file,0e6aaf51c2910a4ac5b46d2d5728cd64,ephemeral-0,0,1,10,client_to_server,data,udp,203.0.113.20,8443,925,115001000,84,allow,0
84,1,18,application,file,0e6aaf51c2910a4ac5b46d2d5728cd64,ephemeral-0,0,2,10,client_to_server,data,udp,203.0.113.20,8443,925,115002000,85,allow,0
85,1,18,application,file,0e6aaf51c2910a4ac5b46d2d5728cd64,ephemeral-0,0,3,10,client_to_server,data,udp,203.0.113.20,8443,925,115003000,86,allow,0
86,1,18,application,file,0e6aaf51c2910a4ac5b46d2d5728cd64,ephemeral-0,0,4,10,client_to_server,data,udp,203.0.113.20,8443,925,115004000,87,allow,0
87,1,18,application,file,0e6aaf51c2910a4ac5b46d2d5728cd64,ephemeral-0,0,5,10,client_to_server,data,udp,203.0.113.20,8443,925,115005000,88,allow,0
88,1,18,application,file,0e6aaf51c2910a4ac5b46d2d5728cd64,ephemeral-0,0,6,10,client_to_server,data,udp,203.0.113.20,8443,925,115006000,89,allow,0
89,1,18,application,file,0e6aaf51c2910a4ac5b46d2d5728cd64,ephemeral-0,0,7,10,client_to_server,data,udp,203.0.113.20,8443,925,115007000,90,allow,0
90,1,18,application,file,0e6aaf51c2910a4ac5b46d2d5728cd64,ephemeral-0,0,8,10,client_to_server,data,udp,203.0.113.20,8443,925,115008000,91,allow,0
91,1,18,application,file,0e6aaf51c2910a4ac5b46d2d5728cd64,ephemeral-0,0,9,10,client_to_server,data,udp,203.0.113.20,8443,181,115009000,92,allow,0
92,1,18,application,file,0e6aaf51c2910a4ac5b46d2d5728cd64,ephemeral-0,0,0,1,server_to_client,ack,udp,203.0.113.20,8443,38,115180000,93,allow,0
93,1,18,application,file,0e6aaf51c2910a4ac5b46d2d5728cd64,generated-1,1,0,10,client_to_server,data,tcp,203.0.113.11,8443,925,115000000,94,drop,1
94,1,18,application,file,0e6aaf51c2910a4ac5b46d2d5728cd64,generated-1,1,1,10,client_to_server,data,tcp,203.0.113.11,8443,925,115001000,95,drop,1
95,1,18,application,file,0e6aaf51c2910a4ac5b46d2d5728cd64,generated-1,1,2,10,client_to_server,data,tcp,203.0.113.11,8443,925,115002000,96,drop,1
96,1,18,application,file,0e6aaf51c2910a4ac5b46d2d5728cd64,generated-1,1,3,10,client_to_server,data,tcp,203.0.113.11,8443,925,115003000,97,drop,1
97,1,18,application,file,0e6aaf51c2910a4ac5b46d2d5728cd64,generated-1,1,4,10,client_to_server,data,tcp,203.0.113.11,8443,925,115004000,98,drop,1
98,1,18,application,file,0e6aaf51c2910a4ac5b46d2d5728cd64,generated-1,1,5,10,client_to_server,data,tcp,203.0.113.11,8443,925,115005000,99,drop,1
99,1,18,application,file,0e6aaf51c2910a4ac5b46d2d5728cd64,generated-1,1,6,10,client_to_server,data,tcp,203.0.113.11,8443,925,115006000,100,drop,1
100,1,18,application,file,0e6aaf51c2910a4ac5b46d2d5728cd64,generated-1,1,7,10,client_to_server,data,tcp,203.0.113.11,8443,925,115007000,101,drop,1
101,1,18,application,file,0e6aaf51c2910a4ac5b46d2d5728cd64,generated-1,1,8,10,client_to_server,data,tcp,203.0.113.11,8443,925,115008000,102,drop,1
102,1,18,application,file,0e6aaf51c2910a4ac5b46d2d5728cd64,generated-1,1,9,10,client_to_server,data,tcp,203.0.113.11,8443,181,115009000,103,drop,1
103,1,18,application,file,0e6aaf51c2910a4ac5b46d2d5728cd64,generated-1,1,0,1,server_to_client,ack,tcp,203.0.113.11,8443,38,115150000,104,drop,1
104,1,19,application,realtime,6fdc3ea09e03ae16b69e30b2122662b3,generated-1,0,0,2,client_to_server,data,tcp,203.0.113.11,8443,925,116000000,105,drop,1
105,1,19,application,realtime,6fdc3ea09e03ae16b69e30b2122662b3,generated-1,0,1,2,client_to_server,data,tcp,203.0.113.11,8443,213,116001000,106,drop,1
106,1,19,application,realtime,6fdc3ea09e03ae16b69e30b2122662b3,generated-1,0,0,1,server_to_client,ack,tcp,203.0.113.11,8443,38,116142000,107,drop,1
107,1,19,application,realtime,6fdc3ea09e03ae16b69e30b2122662b3,ephemeral-0,1,0,2,client_to_server,data,udp,203.0.113.20,8443,925,116000000,108,allow,0
108,1,19,application,realtime,6fdc3ea09e03ae16b69e30b2122662b3,ephemeral-0,1,1,2,client_to_server,data,udp,203.0.113.20,8443,213,116001000,109,allow,0
109,1,19,application,realtime,6fdc3ea09e03ae16b69e30b2122662b3,ephemeral-0,1,0,1,server_to_client,ack,udp,203.0.113.20,8443,38,116172000,110,allow,0
1,2,-1,calibration,calibration,,calibration,-1,0,1,client_to_server,calibration,tcp,198.51.100.1,8443,28,200000000,2,drop,1
2,2,-1000,probe,text,0fd5cb2a93495b0ceb521b8c4228532b,direct-0,0,0,1,client_to_server,data,tcp,198.51.100.1,8443,185,201000000,3,drop,1
3,2,-1000,probe,text,0fd5cb2a93495b0ceb521b8c4228532b,direct-0,0,0,1,server_to_client,ack,tcp,198.51.100.1,8443,38,201091000,4,drop,1
4,2,-1001,probe,text,7548c45a498d097f11fe35e8c0a601de,fixed-0,0,0,1,client_to_server,data,tcp,198.51.100.2,8443,185,202000000,5,allow,0
5,2,-1001,probe,text,7548c45a498d097f11fe35e8c0a601de,fixed-0,0,0,1,server_to_client,ack,tcp,198.51.100.2,8443,38,202081000,6,allow,0
6,2,-1002,probe,text,04a498b92dbf38e0644d007c0cbde260,generated-0,0,0,1,client_to_server,data,tcp,203.0.113.10,8443,185,203000000,7,drop,1
7,2,-1002,probe,text,04a498b92dbf38e0644d007c0cbde260,generated-0,0,0,1,server_to_client,ack,tcp,203.0.113.10,8443,38,203131000,8,drop,1
8,2,-1003,probe,text,d57892b75f0eb1349ab4d2193ad1a71d,generated-1,0,0,1,client_to_server,data,tcp,203.0.113.11,8443,185,204000000,9,drop,1
9,2,-1003,probe,text,d57892b75f0eb1349ab4d2193ad1a71d,generated-1,0,0,1,server_to_client,ack,tcp,203.0.113.11,8443,38,204141000,10,drop,1
10,2,-1004,probe,text,312fb4ef3c5c5e0117bf34a2f5f20047,ephemeral-0,0,0,1,client_to_server,data,udp,203.0.113.20,8443,185,205000000,11,allow,0
11,2,-1004,probe,text,312fb4ef3c5c5e0117bf34a2f5f20047,ephemeral-0,0,0,1,server_to_client,ack,udp,203.0.113.20,8443,38,205171000,12,allow,0
12,2,-1005,probe,text,c5543484b84009e1b3f3a43946e2facb,ephemeral-1,0,0,1,client_to_server,data,udp,203.0.113.21,8443,185,206000000,13,allow,0
13,2,-1005,probe,text,c5543484b84009e1b3f3a43946e2facb,ephemeral-1,0,0,1,server_to_client,ack,udp,203.0.113.21,8443,38,206181000,14,allow,0
14,2,20,application,text,f9995b377cd722a98650870f5b94c454,ephemeral-0,0,0,1,client_to_server,data,udp,203.0.113.20,8443,601,207000000,15,allow,0
15,2,20,application,text,f9995b377cd722a98650870f5b94c454,ephemeral-0,0,0,1,server_to_client,ack,udp,203.0.113.20,8443,38,207171000,16,allow,0
16,2,20,application,text,f9995b377cd722a98650870f5b94c454,ephemeral-1,1,0,1,client_to_server,data,udp,203.0.113.21,8443,601,207000000,17,allow,0
17,2,20,application,text,f9995b377cd722a98650870f5b94c454,ephemeral-1,1,0,1,server_to_client,ack,udp,203.0.113.21,8443,38,207181000,18,allow,0
18,2,21,application,presence,8239b0b5f3d3ea8bb976a46f81851a02,ephemeral-0,0,0,1,client_to_server,data,udp,203.0.113.20,8443,185,208000000,19,allow,0
19,2,21,application,presence,8239b0b5f3d3ea8bb976a46f81851a02,ephemeral-0,0,0,1,server_to_client,ack,udp,203.0.113.20,8443,38,208171000,20,allow,0
20,2,21,application,presence,8239b0b5f3d3ea8bb976a46f81851a02,ephemeral-1,1,0,1,client_to_server,data,udp,203.0.113.21,8443,185,208000000,21,allow,0
21,2,21,application,presence,8239b0b5f3d3ea8bb976a46f81851a02,ephemeral-1,1,0,1,server_to_client,ack,udp,203.0.113.21,8443,38,208181000,22,allow,0
22,2,22,application,media,febf9330597fe9b1e12ea565d28071d4,ephemeral-0,0,0,5,client_to_server,data,udp,203.0.113.20,8443,925,209000000,23,allow,0
23,2,22,application,media,febf9330597fe9b1e12ea565d28071d4,ephemeral-0,0,1,5,client_to_server,data,udp,203.0.113.20,8443,925,209001000,24,allow,0
24,2,22,application,media,febf9330597fe9b1e12ea565d28071d4,ephemeral-0,0,2,5,client_to_server,data,udp,203.0.113.20,8443,925,209002000,25,allow,0
25,2,22,application,media,febf9330597fe9b1e12ea565d28071d4,ephemeral-0,0,3,5,client_to_server,data,udp,203.0.113.20,8443,925,209003000,26,allow,0
26,2,22,application,media,febf9330597fe9b1e12ea565d28071d4,ephemeral-0,0,4,5,client_to_server,data,udp,203.0.113.20,8443,585,209004000,27,allow,0
27,2,22,application,media,febf9330597fe9b1e12ea565d28071d4,ephemeral-0,0,0,1,server_to_client,ack,udp,203.0.113.20,8443,38,209175000,28,allow,0
28,2,22,application,media,febf9330597fe9b1e12ea565d28071d4,ephemeral-1,1,0,5,client_to_server,data,udp,203.0.113.21,8443,925,209000000,29,allow,0
29,2,22,application,media,febf9330597fe9b1e12ea565d28071d4,ephemeral-1,1,1,5,client_to_server,data,udp,203.0.113.21,8443,925,209001000,30,allow,0
30,2,22,application,media,febf9330597fe9b1e12ea565d28071d4,ephemeral-1,1,2,5,client_to_server,data,udp,203.0.113.21,8443,925,209002000,31,allow,0
31,2,22,application,media,febf9330597fe9b1e12ea565d28071d4,ephemeral-1,1,3,5,client_to_server,data,udp,203.0.113.21,8443,925,209003000,32,allow,0
32,2,22,application,media,febf9330597fe9b1e12ea565d28071d4,ephemeral-1,1,4,5,client_to_server,data,udp,203.0.113.21,8443,585,209004000,33,allow,0
33,2,22,application,media,febf9330597fe9b1e12ea565d28071d4,ephemeral-1,1,0,1,server_to_client,ack,udp,203.0.113.21,8443,38,209185000,34,allow,0
34,2,23,application,file,89231755ed0b8f22efaf43d23a28a49b,ephemeral-0,0,0,10,client_to_server,data,udp,203.0.113.20,8443,925,210000000,35,allow,0
35,2,23,application,file,89231755ed0b8f22efaf43d23a28a49b,ephemeral-0,0,1,10,client_to_server,data,udp,203.0.113.20,8443,925,210001000,36,allow,0
36,2,23,application,file,89231755ed0b8f22efaf43d23a28a49b,ephemeral-0,0,2,10,client_to_server,data,udp,203.0.113.20,8443,925,210002000,37,allow,0
37,2,23,application,file,89231755ed0b8f22efaf43d23a28a49b,ephemeral-0,0,3,10,client_to_server,data,udp,203.0.113.20,8443,925,210003000,38,allow,0
38,2,23,application,file,89231755ed0b8f22efaf43d23a28a49b,ephemeral-0,0,4,10,client_to_server,data,udp,203.0.113.20,8443,925,210004000,39,allow,0
39,2,23,application,file,89231755ed0b8f22efaf43d23a28a49b,ephemeral-0,0,5,10,client_to_server,data,udp,203.0.113.20,8443,925,210005000,40,allow,0
40,2,23,application,file,89231755ed0b8f22efaf43d23a28a49b,ephemeral-0,0,6,10,client_to_server,data,udp,203.0.113.20,8443,925,210006000,41,allow,0
41,2,23,application,file,89231755ed0b8f22efaf43d23a28a49b,ephemeral-0,0,7,10,client_to_server,data,udp,203.0.113.20,8443,925,210007000,42,allow,0
42,2,23,application,file,89231755ed0b8f22efaf43d23a28a49b,ephemeral-0,0,8,10,client_to_server,data,udp,203.0.113.20,8443,925,210008000,43,allow,0
43,2,23,application,file,89231755ed0b8f22efaf43d23a28a49b,ephemeral-0,0,9,10,client_to_server,data,udp,203.0.113.20,8443,181,210009000,44,allow,0
44,2,23,application,file,89231755ed0b8f22efaf43d23a28a49b,ephemeral-0,0,0,1,server_to_client,ack,udp,203.0.113.20,8443,38,210180000,45,allow,0
45,2,23,application,file,89231755ed0b8f22efaf43d23a28a49b,ephemeral-1,1,0,10,client_to_server,data,udp,203.0.113.21,8443,925,210000000,46,allow,0
46,2,23,application,file,89231755ed0b8f22efaf43d23a28a49b,ephemeral-1,1,1,10,client_to_server,data,udp,203.0.113.21,8443,925,210001000,47,allow,0
47,2,23,application,file,89231755ed0b8f22efaf43d23a28a49b,ephemeral-1,1,2,10,client_to_server,data,udp,203.0.113.21,8443,925,210002000,48,allow,0
48,2,23,application,file,89231755ed0b8f22efaf43d23a28a49b,ephemeral-1,1,3,10,client_to_server,data,udp,203.0.113.21,8443,925,210003000,49,allow,0
49,2,23,application,file,89231755ed0b8f22efaf43d23a28a49b,ephemeral-1,1,4,10,client_to_server,data,udp,203.0.113.21,8443,925,210004000,50,allow,0
50,2,23,application,file,89231755ed0b8f22efaf43d23a28a49b,ephemeral-1,1,5,10,client_to_server,data,udp,203.0.113.21,8443,925,210005000,51,allow,0
51,2,23,application,file,89231755ed0b8f22efaf43d23a28a49b,ephemeral-1,1,6,10,client_to_server,data,udp,203.0.113.21,8443,925,210006000,52,allow,0
52,2,23,application,file,89231755ed0b8f22efaf43d23a28a49b,ephemeral-1,1,7,10,client_to_server,data,udp,203.0.113.21,8443,925,210007000,53,allow,0
53,2,23,application,file,89231755ed0b8f22efaf43d23a28a49b,ephemeral-1,1,8,10,client_to_server,data,udp,203.0.113.21,8443,925,210008000,54,allow,0
54,2,23,application,file,89231755ed0b8f22efaf43d23a28a49b,ephemeral-1,1,9,10,client_to_server,data,udp,203.0.113.21,8443,181,210009000,55,allow,0
55,2,23,application,file,89231755ed0b8f22efaf43d23a28a49b,ephemeral-1,1,0,1,server_to_client,ack,udp,203.0.113.21,8443,38,210190000,56,allow,0
56,2,24,application,realtime,cb0e22fe5458672d6e66ec0f952d082e,ephemeral-0,0,0,2,client_to_server,data,udp,203.0.113.20,8443,925,211000000,57,allow,0
57,2,24,application,realtime,cb0e22fe5458672d6e66ec0f952d082e,ephemeral-0,0,1,2,client_to_server,data,udp,203.0.113.20,8443,213,211001000,58,allow,0
58,2,24,application,realtime,cb0e22fe5458672d6e66ec0f952d082e,ephemeral-0,0,0,1,server_to_client,ack,udp,203.0.113.20,8443,38,211172000,59,allow,0
59,2,24,application,realtime,cb0e22fe5458672d6e66ec0f952d082e,ephemeral-1,1,0,2,client_to_server,data,udp,203.0.113.21,8443,925,211000000,60,allow,0
60,2,24,application,realtime,cb0e22fe5458672d6e66ec0f952d082e,ephemeral-1,1,1,2,client_to_server,data,udp,203.0.113.21,8443,213,211001000,61,allow,0
61,2,24,application,realtime,cb0e22fe5458672d6e66ec0f952d082e,ephemeral-1,1,0,1,server_to_client,ack,udp,203.0.113.21,8443,38,211182000,62,allow,0
62,2,25,application,text,48204d3024bd0aa539f72fe51fb5aa78,ephemeral-0,0,0,1,client_to_server,data,udp,203.0.113.20,8443,601,212000000,63,allow,0
63,2,25,application,text,48204d3024bd0aa539f72fe51fb5aa78,ephemeral-0,0,0,1,server_to_client,ack,udp,203.0.113.20,8443,38,212171000,64,allow,0
64,2,25,application,text,48204d3024bd0aa539f72fe51fb5aa78,ephemeral-1,1,0,1,client_to_server,data,udp,203.0.113.21,8443,601,212000000,65,allow,0
65,2,25,application,text,48204d3024bd0aa539f72fe51fb5aa78,ephemeral-1,1,0,1,server_to_client,ack,udp,203.0.113.21,8443,38,212181000,66,allow,0
66,2,26,application,presence,2c41a6ef58ac121f01de798fd57c00cd,ephemeral-0,0,0,1,client_to_server,data,udp,203.0.113.20,8443,185,213000000,67,allow,0
67,2,26,application,presence,2c41a6ef58ac121f01de798fd57c00cd,ephemeral-0,0,0,1,server_to_client,ack,udp,203.0.113.20,8443,38,213171000,68,allow,0
68,2,26,application,presence,2c41a6ef58ac121f01de798fd57c00cd,ephemeral-1,1,0,1,client_to_server,data,udp,203.0.113.21,8443,185,213000000,69,allow,0
69,2,26,application,presence,2c41a6ef58ac121f01de798fd57c00cd,ephemeral-1,1,0,1,server_to_client,ack,udp,203.0.113.21,8443,38,213181000,70,allow,0
70,2,27,application,media,e5dba981eb3c94a416c22d1140a0c979,ephemeral-0,0,0,5,client_to_server,data,udp,203.0.113.20,8443,925,214000000,71,allow,0
71,2,27,application,media,e5dba981eb3c94a416c22d1140a0c979,ephemeral-0,0,1,5,client_to_server,data,udp,203.0.113.20,8443,925,214001000,72,allow,0
72,2,27,application,media,e5dba981eb3c94a416c22d1140a0c979,ephemeral-0,0,2,5,client_to_server,data,udp,203.0.113.20,8443,925,214002000,73,allow,0
73,2,27,application,media,e5dba981eb3c94a416c22d1140a0c979,ephemeral-0,0,3,5,client_to_server,data,udp,203.0.113.20,8443,925,214003000,74,allow,0
74,2,27,application,media,e5dba981eb3c94a416c22d1140a0c979,ephemeral-0,0,4,5,client_to_server,data,udp,203.0.113.20,8443,585,214004000,75,allow,0
75,2,27,application,media,e5dba981eb3c94a416c22d1140a0c979,ephemeral-0,0,0,1,server_to_client,ack,udp,203.0.113.20,8443,38,214175000,76,allow,0
76,2,27,application,media,e5dba981eb3c94a416c22d1140a0c979,ephemeral-1,1,0,5,client_to_server,data,udp,203.0.113.21,8443,925,214000000,77,allow,0
77,2,27,application,media,e5dba981eb3c94a416c22d1140a0c979,ephemeral-1,1,1,5,client_to_server,data,udp,203.0.113.21,8443,925,214001000,78,allow,0
78,2,27,application,media,e5dba981eb3c94a416c22d1140a0c979,ephemeral-1,1,2,5,client_to_server,data,udp,203.0.113.21,8443,925,214002000,79,allow,0
79,2,27,application,media,e5dba981eb3c94a416c22d1140a0c979,ephemeral-1,1,3,5,client_to_server,data,udp,203.0.113.21,8443,925,214003000,80,allow,0
80,2,27,application,media,e5dba981eb3c94a416c22d1140a0c979,ephemeral-1,1,4,5,client_to_server,data,udp,203.0.113.21,8443,585,214004000,81,allow,0
81,2,27,application,media,e5dba981eb3c94a416c22d1140a0c979,ephemeral-1,1,0,1,server_to_client,ack,udp,203.0.113.21,8443,38,214185000,82,allow,0
82,2,28,application,file,aee76e80b56598857ae98310c811bd93,ephemeral-0,0,0,10,client_to_server,data,udp,203.0.113.20,8443,925,215000000,83,allow,0
83,2,28,application,file,aee76e80b56598857ae98310c811bd93,ephemeral-0,0,1,10,client_to_server,data,udp,203.0.113.20,8443,925,215001000,84,allow,0
84,2,28,application,file,aee76e80b56598857ae98310c811bd93,ephemeral-0,0,2,10,client_to_server,data,udp,203.0.113.20,8443,925,215002000,85,allow,0
85,2,28,application,file,aee76e80b56598857ae98310c811bd93,ephemeral-0,0,3,10,client_to_server,data,udp,203.0.113.20,8443,925,215003000,86,allow,0
86,2,28,application,file,aee76e80b56598857ae98310c811bd93,ephemeral-0,0,4,10,client_to_server,data,udp,203.0.113.20,8443,925,215004000,87,allow,0
87,2,28,application,file,aee76e80b56598857ae98310c811bd93,ephemeral-0,0,5,10,client_to_server,data,udp,203.0.113.20,8443,925,215005000,88,allow,0
88,2,28,application,file,aee76e80b56598857ae98310c811bd93,ephemeral-0,0,6,10,client_to_server,data,udp,203.0.113.20,8443,925,215006000,89,allow,0
89,2,28,application,file,aee76e80b56598857ae98310c811bd93,ephemeral-0,0,7,10,client_to_server,data,udp,203.0.113.20,8443,925,215007000,90,allow,0
90,2,28,application,file,aee76e80b56598857ae98310c811bd93,ephemeral-0,0,8,10,client_to_server,data,udp,203.0.113.20,8443,925,215008000,91,allow,0
91,2,28,application,file,aee76e80b56598857ae98310c811bd93,ephemeral-0,0,9,10,client_to_server,data,udp,203.0.113.20,8443,181,215009000,92,allow,0
92,2,28,application,file,aee76e80b56598857ae98310c811bd93,ephemeral-0,0,0,1,server_to_client,ack,udp,203.0.113.20,8443,38,215180000,93,allow,0
93,2,28,application,file,aee76e80b56598857ae98310c811bd93,ephemeral-1,1,0,10,client_to_server,data,udp,203.0.113.21,8443,925,215000000,94,allow,0
94,2,28,application,file,aee76e80b56598857ae98310c811bd93,ephemeral-1,1,1,10,client_to_server,data,udp,203.0.113.21,8443,925,215001000,95,allow,0
95,2,28,application,file,aee76e80b56598857ae98310c811bd93,ephemeral-1,1,2,10,client_to_server,data,udp,203.0.113.21,8443,925,215002000,96,allow,0
96,2,28,application,file,aee76e80b56598857ae98310c811bd93,ephemeral-1,1,3,10,client_to_server,data,udp,203.0.113.21,8443,925,215003000,97,allow,0
97,2,28,application,file,aee76e80b56598857ae98310c811bd93,ephemeral-1,1,4,10,client_to_server,data,udp,203.0.113.21,8443,925,215004000,98,allow,0
98,2,28,application,file,aee76e80b56598857ae98310c811bd93,ephemeral-1,1,5,10,client_to_server,data,udp,203.0.113.21,8443,925,215005000,99,allow,0
99,2,28,application,file,aee76e80b56598857ae98310c811bd93,ephemeral-1,1,6,10,client_to_server,data,udp,203.0.113.21,8443,925,215006000,100,allow,0
100,2,28,application,file,aee76e80b56598857ae98310c811bd93,ephemeral-1,1,7,10,client_to_server,data,udp,203.0.113.21,8443,925,215007000,101,allow,0
101,2,28,application,file,aee76e80b56598857ae98310c811bd93,ephemeral-1,1,8,10,client_to_server,data,udp,203.0.113.21,8443,925,215008000,102,allow,0
102,2,28,application,file,aee76e80b56598857ae98310c811bd93,ephemeral-1,1,9,10,client_to_server,data,udp,203.0.113.21,8443,181,215009000,103,allow,0
103,2,28,application,file,aee76e80b56598857ae98310c811bd93,ephemeral-1,1,0,1,server_to_client,ack,udp,203.0.113.21,8443,38,215190000,104,allow,0
104,2,29,application,realtime,cd13e5051004d605e836f56439c74674,ephemeral-0,0,0,2,client_to_server,data,udp,203.0.113.20,8443,925,216000000,105,allow,0
105,2,29,application,realtime,cd13e5051004d605e836f56439c74674,ephemeral-0,0,1,2,client_to_server,data,udp,203.0.113.20,8443,213,216001000,106,allow,0
106,2,29,application,realtime,cd13e5051004d605e836f56439c74674,ephemeral-0,0,0,1,server_to_client,ack,udp,203.0.113.20,8443,38,216172000,107,allow,0
107,2,29,application,realtime,cd13e5051004d605e836f56439c74674,ephemeral-1,1,0,2,client_to_server,data,udp,203.0.113.21,8443,925,216000000,108,allow,0
108,2,29,application,realtime,cd13e5051004d605e836f56439c74674,ephemeral-1,1,1,2,client_to_server,data,udp,203.0.113.21,8443,213,216001000,109,allow,0
109,2,29,application,realtime,cd13e5051004d605e836f56439c74674,ephemeral-1,1,0,1,server_to_client,ack,udp,203.0.113.21,8443,38,216182000,110,allow,0
1,3,-1,calibration,calibration,,calibration,-1,0,1,client_to_server,calibration,tcp,198.51.100.1,8443,28,300000000,2,drop,1
2,3,-1000,probe,text,3e8ce8aed7aaca983a03c9944f99086a,direct-0,0,0,1,client_to_server,data,tcp,198.51.100.1,8443,185,301000000,3,drop,1
3,3,-1000,probe,text,3e8ce8aed7aaca983a03c9944f99086a,direct-0,0,0,1,server_to_client,ack,tcp,198.51.100.1,8443,38,301091000,4,drop,1
4,3,-1001,probe,text,5e7b036720f886e9599df1c21ddab8fa,fixed-0,0,0,1,client_to_server,data,tcp,198.51.100.2,8443,185,302000000,5,allow,0
5,3,-1001,probe,text,5e7b036720f886e9599df1c21ddab8fa,fixed-0,0,0,1,server_to_client,ack,tcp,198.51.100.2,8443,38,302081000,6,allow,0
6,3,-1002,probe,text,92ec5436c58fbe58ba6d3ecae42b54a3,generated-0,0,0,1,client_to_server,data,tcp,203.0.113.10,8443,185,303000000,7,drop,1
7,3,-1002,probe,text,92ec5436c58fbe58ba6d3ecae42b54a3,generated-0,0,0,1,server_to_client,ack,tcp,203.0.113.10,8443,38,303131000,8,drop,1
8,3,-1003,probe,text,3e121f7be4ba05cafdc3ec66e5ff1a05,generated-1,0,0,1,client_to_server,data,tcp,203.0.113.11,8443,185,304000000,9,drop,1
9,3,-1003,probe,text,3e121f7be4ba05cafdc3ec66e5ff1a05,generated-1,0,0,1,server_to_client,ack,tcp,203.0.113.11,8443,38,304141000,10,drop,1
10,3,-1004,probe,text,57a4ba0238da3066ae3579460f16dc54,ephemeral-0,0,0,1,client_to_server,data,udp,203.0.113.20,8443,185,305000000,11,allow,0
11,3,-1004,probe,text,57a4ba0238da3066ae3579460f16dc54,ephemeral-0,0,0,1,server_to_client,ack,udp,203.0.113.20,8443,38,305171000,12,allow,0
12,3,-1005,probe,text,7ae251fb74e7fa6b6d3f783153010cd4,ephemeral-1,0,0,1,client_to_server,data,udp,203.0.113.21,8443,185,306000000,13,allow,0
13,3,-1005,probe,text,7ae251fb74e7fa6b6d3f783153010cd4,ephemeral-1,0,0,1,server_to_client,ack,udp,203.0.113.21,8443,38,306181000,14,allow,0
14,3,30,application,text,dc19a2db041f1e1363c0f0d81aea4a5f,ephemeral-0,0,0,1,client_to_server,data,udp,203.0.113.20,8443,601,307000000,15,allow,0
15,3,30,application,text,dc19a2db041f1e1363c0f0d81aea4a5f,ephemeral-0,0,0,1,server_to_client,ack,udp,203.0.113.20,8443,38,307171000,16,allow,0
16,3,30,application,text,dc19a2db041f1e1363c0f0d81aea4a5f,ephemeral-1,1,0,1,client_to_server,data,udp,203.0.113.21,8443,601,307000000,17,allow,0
17,3,30,application,text,dc19a2db041f1e1363c0f0d81aea4a5f,ephemeral-1,1,0,1,server_to_client,ack,udp,203.0.113.21,8443,38,307181000,18,allow,0
18,3,31,application,presence,dab4bd8605fe03a59c20260c96fd3a7b,ephemeral-0,0,0,1,client_to_server,data,udp,203.0.113.20,8443,185,308000000,19,allow,0
19,3,31,application,presence,dab4bd8605fe03a59c20260c96fd3a7b,ephemeral-0,0,0,1,server_to_client,ack,udp,203.0.113.20,8443,38,308171000,20,allow,0
20,3,31,application,presence,dab4bd8605fe03a59c20260c96fd3a7b,ephemeral-1,1,0,1,client_to_server,data,udp,203.0.113.21,8443,185,308000000,21,allow,0
21,3,31,application,presence,dab4bd8605fe03a59c20260c96fd3a7b,ephemeral-1,1,0,1,server_to_client,ack,udp,203.0.113.21,8443,38,308181000,22,allow,0
22,3,32,application,media,17f12f5bc0fb3fc26195e12102767c32,ephemeral-0,0,0,5,client_to_server,data,udp,203.0.113.20,8443,925,309000000,23,allow,0
23,3,32,application,media,17f12f5bc0fb3fc26195e12102767c32,ephemeral-0,0,1,5,client_to_server,data,udp,203.0.113.20,8443,925,309001000,24,allow,0
24,3,32,application,media,17f12f5bc0fb3fc26195e12102767c32,ephemeral-0,0,2,5,client_to_server,data,udp,203.0.113.20,8443,925,309002000,25,allow,0
25,3,32,application,media,17f12f5bc0fb3fc26195e12102767c32,ephemeral-0,0,3,5,client_to_server,data,udp,203.0.113.20,8443,925,309003000,26,allow,0
26,3,32,application,media,17f12f5bc0fb3fc26195e12102767c32,ephemeral-0,0,4,5,client_to_server,data,udp,203.0.113.20,8443,585,309004000,27,allow,0
27,3,32,application,media,17f12f5bc0fb3fc26195e12102767c32,ephemeral-0,0,0,1,server_to_client,ack,udp,203.0.113.20,8443,38,309175000,28,allow,0
28,3,32,application,media,17f12f5bc0fb3fc26195e12102767c32,ephemeral-1,1,0,5,client_to_server,data,udp,203.0.113.21,8443,925,309000000,29,allow,0
29,3,32,application,media,17f12f5bc0fb3fc26195e12102767c32,ephemeral-1,1,1,5,client_to_server,data,udp,203.0.113.21,8443,925,309001000,30,allow,0
30,3,32,application,media,17f12f5bc0fb3fc26195e12102767c32,ephemeral-1,1,2,5,client_to_server,data,udp,203.0.113.21,8443,925,309002000,31,allow,0
31,3,32,application,media,17f12f5bc0fb3fc26195e12102767c32,ephemeral-1,1,3,5,client_to_server,data,udp,203.0.113.21,8443,925,309003000,32,allow,0
32,3,32,application,media,17f12f5bc0fb3fc26195e12102767c32,ephemeral-1,1,4,5,client_to_server,data,udp,203.0.113.21,8443,585,309004000,33,allow,0
33,3,32,application,media,17f12f5bc0fb3fc26195e12102767c32,ephemeral-1,1,0,1,server_to_client,ack,udp,203.0.113.21,8443,38,309185000,34,allow,0
34,3,33,application,file,50f44271b78e806558b4533d22403b27,ephemeral-0,0,0,10,client_to_server,data,udp,203.0.113.20,8443,925,310000000,35,allow,0
35,3,33,application,file,50f44271b78e806558b4533d22403b27,ephemeral-0,0,1,10,client_to_server,data,udp,203.0.113.20,8443,925,310001000,36,allow,0
36,3,33,application,file,50f44271b78e806558b4533d22403b27,ephemeral-0,0,2,10,client_to_server,data,udp,203.0.113.20,8443,925,310002000,37,allow,0
37,3,33,application,file,50f44271b78e806558b4533d22403b27,ephemeral-0,0,3,10,client_to_server,data,udp,203.0.113.20,8443,925,310003000,38,allow,0
38,3,33,application,file,50f44271b78e806558b4533d22403b27,ephemeral-0,0,4,10,client_to_server,data,udp,203.0.113.20,8443,925,310004000,39,allow,0
39,3,33,application,file,50f44271b78e806558b4533d22403b27,ephemeral-0,0,5,10,client_to_server,data,udp,203.0.113.20,8443,925,310005000,40,allow,0
40,3,33,application,file,50f44271b78e806558b4533d22403b27,ephemeral-0,0,6,10,client_to_server,data,udp,203.0.113.20,8443,925,310006000,41,allow,0
41,3,33,application,file,50f44271b78e806558b4533d22403b27,ephemeral-0,0,7,10,client_to_server,data,udp,203.0.113.20,8443,925,310007000,42,allow,0
42,3,33,application,file,50f44271b78e806558b4533d22403b27,ephemeral-0,0,8,10,client_to_server,data,udp,203.0.113.20,8443,925,310008000,43,allow,0
43,3,33,application,file,50f44271b78e806558b4533d22403b27,ephemeral-0,0,9,10,client_to_server,data,udp,203.0.113.20,8443,181,310009000,44,allow,0
44,3,33,application,file,50f44271b78e806558b4533d22403b27,ephemeral-0,0,0,1,server_to_client,ack,udp,203.0.113.20,8443,38,310180000,45,allow,0
45,3,33,application,file,50f44271b78e806558b4533d22403b27,ephemeral-1,1,0,10,client_to_server,data,udp,203.0.113.21,8443,925,310000000,46,allow,0
46,3,33,application,file,50f44271b78e806558b4533d22403b27,ephemeral-1,1,1,10,client_to_server,data,udp,203.0.113.21,8443,925,310001000,47,allow,0
47,3,33,application,file,50f44271b78e806558b4533d22403b27,ephemeral-1,1,2,10,client_to_server,data,udp,203.0.113.21,8443,925,310002000,48,allow,0
48,3,33,application,file,50f44271b78e806558b4533d22403b27,ephemeral-1,1,3,10,client_to_server,data,udp,203.0.113.21,8443,925,310003000,49,allow,0
49,3,33,application,file,50f44271b78e806558b4533d22403b27,ephemeral-1,1,4,10,client_to_server,data,udp,203.0.113.21,8443,925,310004000,50,allow,0
50,3,33,application,file,50f44271b78e806558b4533d22403b27,ephemeral-1,1,5,10,client_to_server,data,udp,203.0.113.21,8443,925,310005000,51,allow,0
51,3,33,application,file,50f44271b78e806558b4533d22403b27,ephemeral-1,1,6,10,client_to_server,data,udp,203.0.113.21,8443,925,310006000,52,allow,0
52,3,33,application,file,50f44271b78e806558b4533d22403b27,ephemeral-1,1,7,10,client_to_server,data,udp,203.0.113.21,8443,925,310007000,53,allow,0
53,3,33,application,file,50f44271b78e806558b4533d22403b27,ephemeral-1,1,8,10,client_to_server,data,udp,203.0.113.21,8443,925,310008000,54,allow,0
54,3,33,application,file,50f44271b78e806558b4533d22403b27,ephemeral-1,1,9,10,client_to_server,data,udp,203.0.113.21,8443,181,310009000,55,allow,0
55,3,33,application,file,50f44271b78e806558b4533d22403b27,ephemeral-1,1,0,1,server_to_client,ack,udp,203.0.113.21,8443,38,310190000,56,allow,0
56,3,34,application,realtime,32177a7b6712271700180a597e703aeb,ephemeral-0,0,0,2,client_to_server,data,udp,203.0.113.20,8443,925,311000000,57,allow,0
57,3,34,application,realtime,32177a7b6712271700180a597e703aeb,ephemeral-0,0,1,2,client_to_server,data,udp,203.0.113.20,8443,213,311001000,58,allow,0
58,3,34,application,realtime,32177a7b6712271700180a597e703aeb,ephemeral-0,0,0,1,server_to_client,ack,udp,203.0.113.20,8443,38,311172000,59,allow,0
59,3,34,application,realtime,32177a7b6712271700180a597e703aeb,ephemeral-1,1,0,2,client_to_server,data,udp,203.0.113.21,8443,925,311000000,60,allow,0
60,3,34,application,realtime,32177a7b6712271700180a597e703aeb,ephemeral-1,1,1,2,client_to_server,data,udp,203.0.113.21,8443,213,311001000,61,allow,0
61,3,34,application,realtime,32177a7b6712271700180a597e703aeb,ephemeral-1,1,0,1,server_to_client,ack,udp,203.0.113.21,8443,38,311182000,62,allow,0
62,3,35,application,text,452ac066e6c985960abf2086a03c7c4f,ephemeral-0,0,0,1,client_to_server,data,udp,203.0.113.20,8443,601,312000000,63,allow,0
63,3,35,application,text,452ac066e6c985960abf2086a03c7c4f,ephemeral-0,0,0,1,server_to_client,ack,udp,203.0.113.20,8443,38,312171000,64,allow,0
64,3,35,application,text,452ac066e6c985960abf2086a03c7c4f,ephemeral-1,1,0,1,client_to_server,data,udp,203.0.113.21,8443,601,312000000,65,allow,0
65,3,35,application,text,452ac066e6c985960abf2086a03c7c4f,ephemeral-1,1,0,1,server_to_client,ack,udp,203.0.113.21,8443,38,312181000,66,allow,0
66,3,36,application,presence,1cf594994ec81cbfa9bbc53c3519353b,ephemeral-0,0,0,1,client_to_server,data,udp,203.0.113.20,8443,185,313000000,67,allow,0
67,3,36,application,presence,1cf594994ec81cbfa9bbc53c3519353b,ephemeral-0,0,0,1,server_to_client,ack,udp,203.0.113.20,8443,38,313171000,68,allow,0
68,3,36,application,presence,1cf594994ec81cbfa9bbc53c3519353b,ephemeral-1,1,0,1,client_to_server,data,udp,203.0.113.21,8443,185,313000000,69,allow,0
69,3,36,application,presence,1cf594994ec81cbfa9bbc53c3519353b,ephemeral-1,1,0,1,server_to_client,ack,udp,203.0.113.21,8443,38,313181000,70,allow,0
70,3,37,application,media,59d8bd1d511141277ac2d2170b4cd4e2,ephemeral-0,0,0,5,client_to_server,data,udp,203.0.113.20,8443,925,314000000,71,allow,0
71,3,37,application,media,59d8bd1d511141277ac2d2170b4cd4e2,ephemeral-0,0,1,5,client_to_server,data,udp,203.0.113.20,8443,925,314001000,72,allow,0
72,3,37,application,media,59d8bd1d511141277ac2d2170b4cd4e2,ephemeral-0,0,2,5,client_to_server,data,udp,203.0.113.20,8443,925,314002000,73,allow,0
73,3,37,application,media,59d8bd1d511141277ac2d2170b4cd4e2,ephemeral-0,0,3,5,client_to_server,data,udp,203.0.113.20,8443,925,314003000,74,allow,0
74,3,37,application,media,59d8bd1d511141277ac2d2170b4cd4e2,ephemeral-0,0,4,5,client_to_server,data,udp,203.0.113.20,8443,585,314004000,75,allow,0
75,3,37,application,media,59d8bd1d511141277ac2d2170b4cd4e2,ephemeral-0,0,0,1,server_to_client,ack,udp,203.0.113.20,8443,38,314175000,76,allow,0
76,3,37,application,media,59d8bd1d511141277ac2d2170b4cd4e2,ephemeral-1,1,0,5,client_to_server,data,udp,203.0.113.21,8443,925,314000000,77,allow,0
77,3,37,application,media,59d8bd1d511141277ac2d2170b4cd4e2,ephemeral-1,1,1,5,client_to_server,data,udp,203.0.113.21,8443,925,314001000,78,allow,0
78,3,37,application,media,59d8bd1d511141277ac2d2170b4cd4e2,ephemeral-1,1,2,5,client_to_server,data,udp,203.0.113.21,8443,925,314002000,79,allow,0
79,3,37,application,media,59d8bd1d511141277ac2d2170b4cd4e2,ephemeral-1,1,3,5,client_to_server,data,udp,203.0.113.21,8443,925,314003000,80,allow,0
80,3,37,application,media,59d8bd1d511141277ac2d2170b4cd4e2,ephemeral-1,1,4,5,client_to_server,data,udp,203.0.113.21,8443,585,314004000,81,allow,0
81,3,37,application,media,59d8bd1d511141277ac2d2170b4cd4e2,ephemeral-1,1,0,1,server_to_client,ack,udp,203.0.113.21,8443,38,314185000,82,allow,0
82,3,38,application,file,6e4caa513c0afbcd03fea6a8949b2beb,ephemeral-0,0,0,10,client_to_server,data,udp,203.0.113.20,8443,925,315000000,83,allow,0
83,3,38,application,file,6e4caa513c0afbcd03fea6a8949b2beb,ephemeral-0,0,1,10,client_to_server,data,udp,203.0.113.20,8443,925,315001000,84,allow,0
84,3,38,application,file,6e4caa513c0afbcd03fea6a8949b2beb,ephemeral-0,0,2,10,client_to_server,data,udp,203.0.113.20,8443,925,315002000,85,allow,0
85,3,38,application,file,6e4caa513c0afbcd03fea6a8949b2beb,ephemeral-0,0,3,10,client_to_server,data,udp,203.0.113.20,8443,925,315003000,86,allow,0
86,3,38,application,file,6e4caa513c0afbcd03fea6a8949b2beb,ephemeral-0,0,4,10,client_to_server,data,udp,203.0.113.20,8443,925,315004000,87,allow,0
87,3,38,application,file,6e4caa513c0afbcd03fea6a8949b2beb,ephemeral-0,0,5,10,client_to_server,data,udp,203.0.113.20,8443,925,315005000,88,allow,0
88,3,38,application,file,6e4caa513c0afbcd03fea6a8949b2beb,ephemeral-0,0,6,10,client_to_server,data,udp,203.0.113.20,8443,925,315006000,89,allow,0
89,3,38,application,file,6e4caa513c0afbcd03fea6a8949b2beb,ephemeral-0,0,7,10,client_to_server,data,udp,203.0.113.20,8443,925,315007000,90,allow,0
90,3,38,application,file,6e4caa513c0afbcd03fea6a8949b2beb,ephemeral-0,0,8,10,client_to_server,data,udp,203.0.113.20,8443,925,315008000,91,allow,0
91,3,38,application,file,6e4caa513c0afbcd03fea6a8949b2beb,ephemeral-0,0,9,10,client_to_server,data,udp,203.0.113.20,8443,181,315009000,92,allow,0
92,3,38,application,file,6e4caa513c0afbcd03fea6a8949b2beb,ephemeral-0,0,0,1,server_to_client,ack,udp,203.0.113.20,8443,38,315180000,93,allow,0
93,3,38,application,file,6e4caa513c0afbcd03fea6a8949b2beb,ephemeral-1,1,0,10,client_to_server,data,udp,203.0.113.21,8443,925,315000000,94,allow,0
94,3,38,application,file,6e4caa513c0afbcd03fea6a8949b2beb,ephemeral-1,1,1,10,client_to_server,data,udp,203.0.113.21,8443,925,315001000,95,allow,0
95,3,38,application,file,6e4caa513c0afbcd03fea6a8949b2beb,ephemeral-1,1,2,10,client_to_server,data,udp,203.0.113.21,8443,925,315002000,96,allow,0
96,3,38,application,file,6e4caa513c0afbcd03fea6a8949b2beb,ephemeral-1,1,3,10,client_to_server,data,udp,203.0.113.21,8443,925,315003000,97,allow,0
97,3,38,application,file,6e4caa513c0afbcd03fea6a8949b2beb,ephemeral-1,1,4,10,client_to_server,data,udp,203.0.113.21,8443,925,315004000,98,allow,0
98,3,38,application,file,6e4caa513c0afbcd03fea6a8949b2beb,ephemeral-1,1,5,10,client_to_server,data,udp,203.0.113.21,8443,925,315005000,99,allow,0
99,3,38,application,file,6e4caa513c0afbcd03fea6a8949b2beb,ephemeral-1,1,6,10,client_to_server,data,udp,203.0.113.21,8443,925,315006000,100,allow,0
100,3,38,application,file,6e4caa513c0afbcd03fea6a8949b2beb,ephemeral-1,1,7,10,client_to_server,data,udp,203.0.113.21,8443,925,315007000,101,allow,0
101,3,38,application,file,6e4caa513c0afbcd03fea6a8949b2beb,ephemeral-1,1,8,10,client_to_server,data,udp,203.0.113.21,8443,925,315008000,102,allow,0
102,3,38,application,file,6e4caa513c0afbcd03fea6a8949b2beb,ephemeral-1,1,9,10,client_to_server,data,udp,203.0.113.21,8443,181,315009000,103,allow,0
103,3,38,application,file,6e4caa513c0afbcd03fea6a8949b2beb,ephemeral-1,1,0,1,server_to_client,ack,udp,203.0.113.21,8443,38,315190000,104,allow,0
104,3,39,application,realtime,5cac4979465c3ee6ed669421e83eb53a,ephemeral-0,0,0,2,client_to_server,data,udp,203.0.113.20,8443,925,316000000,105,allow,0
105,3,39,application,realtime,5cac4979465c3ee6ed669421e83eb53a,ephemeral-0,0,1,2,client_to_server,data,udp,203.0.113.20,8443,213,316001000,106,allow,0
106,3,39,application,realtime,5cac4979465c3ee6ed669421e83eb53a,ephemeral-0,0,0,1,server_to_client,ack,udp,203.0.113.20,8443,38,316172000,107,allow,0
107,3,39,application,realtime,5cac4979465c3ee6ed669421e83eb53a,ephemeral-1,1,0,2,client_to_server,data,udp,203.0.113.21,8443,925,316000000,108,allow,0
108,3,39,application,realtime,5cac4979465c3ee6ed669421e83eb53a,ephemeral-1,1,1,2,client_to_server,data,udp,203.0.113.21,8443,213,316001000,109,allow,0
109,3,39,application,realtime,5cac4979465c3ee6ed669421e83eb53a,ephemeral-1,1,0,1,server_to_client,ack,udp,203.0.113.21,8443,38,316182000,110,allow,0
1,4,-1,calibration,calibration,,calibration,-1,0,1,client_to_server,calibration,tcp,198.51.100.1,8443,28,400000000,2,drop,1
2,4,-1000,probe,text,8c7d1c22f85f8f3b3e14c49082b19ca0,direct-0,0,0,1,client_to_server,data,tcp,198.51.100.1,8443,185,401000000,3,drop,1
3,4,-1000,probe,text,8c7d1c22f85f8f3b3e14c49082b19ca0,direct-0,0,0,1,server_to_client,ack,tcp,198.51.100.1,8443,38,401091000,4,drop,1
4,4,-1001,probe,text,86f1b6f800b29d4ed79d2ff99a9a10ec,fixed-0,0,0,1,client_to_server,data,tcp,198.51.100.2,8443,185,402000000,5,drop,1
5,4,-1001,probe,text,86f1b6f800b29d4ed79d2ff99a9a10ec,fixed-0,0,0,1,server_to_client,ack,tcp,198.51.100.2,8443,38,402081000,6,drop,1
6,4,-1002,probe,text,79696a2b829797881de13e1e96565fc5,generated-0,0,0,1,client_to_server,data,tcp,203.0.113.10,8443,185,403000000,7,allow,0
7,4,-1002,probe,text,79696a2b829797881de13e1e96565fc5,generated-0,0,0,1,server_to_client,ack,tcp,203.0.113.10,8443,38,403131000,8,allow,0
8,4,-1003,probe,text,68897f9eccb532025b3c548a5cac4d0e,generated-1,0,0,1,client_to_server,data,tcp,203.0.113.11,8443,185,404000000,9,drop,1
9,4,-1003,probe,text,68897f9eccb532025b3c548a5cac4d0e,generated-1,0,0,1,server_to_client,ack,tcp,203.0.113.11,8443,38,404141000,10,allow,0
10,4,-1004,probe,text,47b2fe3a211712d88c3fc19c97f89a45,ephemeral-0,0,0,1,client_to_server,data,udp,203.0.113.20,8443,185,405000000,11,allow,0
11,4,-1004,probe,text,47b2fe3a211712d88c3fc19c97f89a45,ephemeral-0,0,0,1,server_to_client,ack,udp,203.0.113.20,8443,38,405171000,12,allow,0
12,4,-1005,probe,text,a216f5b07fa478237eadbf198cd79556,ephemeral-1,0,0,1,client_to_server,data,udp,203.0.113.21,8443,185,406000000,13,allow,0
13,4,-1005,probe,text,a216f5b07fa478237eadbf198cd79556,ephemeral-1,0,0,1,server_to_client,ack,udp,203.0.113.21,8443,38,406181000,14,allow,0
14,4,40,application,text,e9ce8fd773f71aa43c2d12526f322f23,ephemeral-0,0,0,1,client_to_server,data,udp,203.0.113.20,8443,601,407000000,15,allow,0
15,4,40,application,text,e9ce8fd773f71aa43c2d12526f322f23,ephemeral-0,0,0,1,server_to_client,ack,udp,203.0.113.20,8443,38,407171000,16,allow,0
16,4,40,application,text,e9ce8fd773f71aa43c2d12526f322f23,ephemeral-1,1,0,1,client_to_server,data,udp,203.0.113.21,8443,601,407000000,17,allow,0
17,4,40,application,text,e9ce8fd773f71aa43c2d12526f322f23,ephemeral-1,1,0,1,server_to_client,ack,udp,203.0.113.21,8443,38,407181000,18,allow,0
18,4,41,application,presence,99c11815a6751bfcb6a843f698df3251,ephemeral-0,0,0,1,client_to_server,data,udp,203.0.113.20,8443,185,408000000,19,allow,0
19,4,41,application,presence,99c11815a6751bfcb6a843f698df3251,ephemeral-0,0,0,1,server_to_client,ack,udp,203.0.113.20,8443,38,408171000,20,allow,0
20,4,41,application,presence,99c11815a6751bfcb6a843f698df3251,ephemeral-1,1,0,1,client_to_server,data,udp,203.0.113.21,8443,185,408000000,21,allow,0
21,4,41,application,presence,99c11815a6751bfcb6a843f698df3251,ephemeral-1,1,0,1,server_to_client,ack,udp,203.0.113.21,8443,38,408181000,22,allow,0
22,4,42,application,media,484f6e0bb5ace67d60a1688eefc2c021,ephemeral-0,0,0,5,client_to_server,data,udp,203.0.113.20,8443,925,409000000,23,allow,0
23,4,42,application,media,484f6e0bb5ace67d60a1688eefc2c021,ephemeral-0,0,1,5,client_to_server,data,udp,203.0.113.20,8443,925,409001000,24,allow,0
24,4,42,application,media,484f6e0bb5ace67d60a1688eefc2c021,ephemeral-0,0,2,5,client_to_server,data,udp,203.0.113.20,8443,925,409002000,25,allow,0
25,4,42,application,media,484f6e0bb5ace67d60a1688eefc2c021,ephemeral-0,0,3,5,client_to_server,data,udp,203.0.113.20,8443,925,409003000,26,allow,0
26,4,42,application,media,484f6e0bb5ace67d60a1688eefc2c021,ephemeral-0,0,4,5,client_to_server,data,udp,203.0.113.20,8443,585,409004000,27,allow,0
27,4,42,application,media,484f6e0bb5ace67d60a1688eefc2c021,ephemeral-0,0,0,1,server_to_client,ack,udp,203.0.113.20,8443,38,409175000,28,allow,0
28,4,42,application,media,484f6e0bb5ace67d60a1688eefc2c021,ephemeral-1,1,0,5,client_to_server,data,udp,203.0.113.21,8443,925,409000000,29,allow,0
29,4,42,application,media,484f6e0bb5ace67d60a1688eefc2c021,ephemeral-1,1,1,5,client_to_server,data,udp,203.0.113.21,8443,925,409001000,30,allow,0
30,4,42,application,media,484f6e0bb5ace67d60a1688eefc2c021,ephemeral-1,1,2,5,client_to_server,data,udp,203.0.113.21,8443,925,409002000,31,allow,0
31,4,42,application,media,484f6e0bb5ace67d60a1688eefc2c021,ephemeral-1,1,3,5,client_to_server,data,udp,203.0.113.21,8443,925,409003000,32,allow,0
32,4,42,application,media,484f6e0bb5ace67d60a1688eefc2c021,ephemeral-1,1,4,5,client_to_server,data,udp,203.0.113.21,8443,585,409004000,33,allow,0
33,4,42,application,media,484f6e0bb5ace67d60a1688eefc2c021,ephemeral-1,1,0,1,server_to_client,ack,udp,203.0.113.21,8443,38,409185000,34,allow,0
34,4,43,application,file,9e573795b8b969f696d5e8c216cd8eec,ephemeral-0,0,0,10,client_to_server,data,udp,203.0.113.20,8443,925,410000000,35,allow,0
35,4,43,application,file,9e573795b8b969f696d5e8c216cd8eec,ephemeral-0,0,1,10,client_to_server,data,udp,203.0.113.20,8443,925,410001000,36,allow,0
36,4,43,application,file,9e573795b8b969f696d5e8c216cd8eec,ephemeral-0,0,2,10,client_to_server,data,udp,203.0.113.20,8443,925,410002000,37,allow,0
37,4,43,application,file,9e573795b8b969f696d5e8c216cd8eec,ephemeral-0,0,3,10,client_to_server,data,udp,203.0.113.20,8443,925,410003000,38,allow,0
38,4,43,application,file,9e573795b8b969f696d5e8c216cd8eec,ephemeral-0,0,4,10,client_to_server,data,udp,203.0.113.20,8443,925,410004000,39,allow,0
39,4,43,application,file,9e573795b8b969f696d5e8c216cd8eec,ephemeral-0,0,5,10,client_to_server,data,udp,203.0.113.20,8443,925,410005000,40,allow,0
40,4,43,application,file,9e573795b8b969f696d5e8c216cd8eec,ephemeral-0,0,6,10,client_to_server,data,udp,203.0.113.20,8443,925,410006000,41,allow,0
41,4,43,application,file,9e573795b8b969f696d5e8c216cd8eec,ephemeral-0,0,7,10,client_to_server,data,udp,203.0.113.20,8443,925,410007000,42,allow,0
42,4,43,application,file,9e573795b8b969f696d5e8c216cd8eec,ephemeral-0,0,8,10,client_to_server,data,udp,203.0.113.20,8443,925,410008000,43,allow,0
43,4,43,application,file,9e573795b8b969f696d5e8c216cd8eec,ephemeral-0,0,9,10,client_to_server,data,udp,203.0.113.20,8443,181,410009000,44,allow,0
44,4,43,application,file,9e573795b8b969f696d5e8c216cd8eec,ephemeral-0,0,0,1,server_to_client,ack,udp,203.0.113.20,8443,38,410180000,45,allow,0
45,4,43,application,file,9e573795b8b969f696d5e8c216cd8eec,ephemeral-1,1,0,10,client_to_server,data,udp,203.0.113.21,8443,925,410000000,46,allow,0
46,4,43,application,file,9e573795b8b969f696d5e8c216cd8eec,ephemeral-1,1,1,10,client_to_server,data,udp,203.0.113.21,8443,925,410001000,47,allow,0
47,4,43,application,file,9e573795b8b969f696d5e8c216cd8eec,ephemeral-1,1,2,10,client_to_server,data,udp,203.0.113.21,8443,925,410002000,48,allow,0
48,4,43,application,file,9e573795b8b969f696d5e8c216cd8eec,ephemeral-1,1,3,10,client_to_server,data,udp,203.0.113.21,8443,925,410003000,49,allow,0
49,4,43,application,file,9e573795b8b969f696d5e8c216cd8eec,ephemeral-1,1,4,10,client_to_server,data,udp,203.0.113.21,8443,925,410004000,50,allow,0
50,4,43,application,file,9e573795b8b969f696d5e8c216cd8eec,ephemeral-1,1,5,10,client_to_server,data,udp,203.0.113.21,8443,925,410005000,51,allow,0
51,4,43,application,file,9e573795b8b969f696d5e8c216cd8eec,ephemeral-1,1,6,10,client_to_server,data,udp,203.0.113.21,8443,925,410006000,52,allow,0
52,4,43,application,file,9e573795b8b969f696d5e8c216cd8eec,ephemeral-1,1,7,10,client_to_server,data,udp,203.0.113.21,8443,925,410007000,53,allow,0
53,4,43,application,file,9e573795b8b969f696d5e8c216cd8eec,ephemeral-1,1,8,10,client_to_server,data,udp,203.0.113.21,8443,925,410008000,54,allow,0
54,4,43,application,file,9e573795b8b969f696d5e8c216cd8eec,ephemeral-1,1,9,10,client_to_server,data,udp,203.0.113.21,8443,181,410009000,55,allow,0
55,4,43,application,file,9e573795b8b969f696d5e8c216cd8eec,ephemeral-1,1,0,1,server_to_client,ack,udp,203.0.113.21,8443,38,410190000,56,allow,0
56,4,44,application,realtime,4e36836afc8c7b2f226e74bbc6f92512,ephemeral-0,0,0,2,client_to_server,data,udp,203.0.113.20,8443,925,411000000,57,allow,0
57,4,44,application,realtime,4e36836afc8c7b2f226e74bbc6f92512,ephemeral-0,0,1,2,client_to_server,data,udp,203.0.113.20,8443,213,411001000,58,allow,0
58,4,44,application,realtime,4e36836afc8c7b2f226e74bbc6f92512,ephemeral-0,0,0,1,server_to_client,ack,udp,203.0.113.20,8443,38,411172000,59,allow,0
59,4,44,application,realtime,4e36836afc8c7b2f226e74bbc6f92512,ephemeral-1,1,0,2,client_to_server,data,udp,203.0.113.21,8443,925,411000000,60,allow,0
60,4,44,application,realtime,4e36836afc8c7b2f226e74bbc6f92512,ephemeral-1,1,1,2,client_to_server,data,udp,203.0.113.21,8443,213,411001000,61,allow,0
61,4,44,application,realtime,4e36836afc8c7b2f226e74bbc6f92512,ephemeral-1,1,0,1,server_to_client,ack,udp,203.0.113.21,8443,38,411182000,62,allow,0
62,4,45,application,text,7e463e95cde69828695901ee578b36a6,ephemeral-0,0,0,1,client_to_server,data,udp,203.0.113.20,8443,601,412000000,63,allow,0
63,4,45,application,text,7e463e95cde69828695901ee578b36a6,ephemeral-0,0,0,1,server_to_client,ack,udp,203.0.113.20,8443,38,412171000,64,allow,0
64,4,45,application,text,7e463e95cde69828695901ee578b36a6,ephemeral-1,1,0,1,client_to_server,data,udp,203.0.113.21,8443,601,412000000,65,allow,0
65,4,45,application,text,7e463e95cde69828695901ee578b36a6,ephemeral-1,1,0,1,server_to_client,ack,udp,203.0.113.21,8443,38,412181000,66,allow,0
66,4,46,application,presence,486114aebbb667e22a6a2c6ecacc3c25,ephemeral-0,0,0,1,client_to_server,data,udp,203.0.113.20,8443,185,413000000,67,allow,0
67,4,46,application,presence,486114aebbb667e22a6a2c6ecacc3c25,ephemeral-0,0,0,1,server_to_client,ack,udp,203.0.113.20,8443,38,413171000,68,allow,0
68,4,46,application,presence,486114aebbb667e22a6a2c6ecacc3c25,ephemeral-1,1,0,1,client_to_server,data,udp,203.0.113.21,8443,185,413000000,69,allow,0
69,4,46,application,presence,486114aebbb667e22a6a2c6ecacc3c25,ephemeral-1,1,0,1,server_to_client,ack,udp,203.0.113.21,8443,38,413181000,70,allow,0
70,4,47,application,media,3d8d72cb48d869bac1800f2f21d0c06e,ephemeral-0,0,0,5,client_to_server,data,udp,203.0.113.20,8443,925,414000000,71,allow,0
71,4,47,application,media,3d8d72cb48d869bac1800f2f21d0c06e,ephemeral-0,0,1,5,client_to_server,data,udp,203.0.113.20,8443,925,414001000,72,allow,0
72,4,47,application,media,3d8d72cb48d869bac1800f2f21d0c06e,ephemeral-0,0,2,5,client_to_server,data,udp,203.0.113.20,8443,925,414002000,73,allow,0
73,4,47,application,media,3d8d72cb48d869bac1800f2f21d0c06e,ephemeral-0,0,3,5,client_to_server,data,udp,203.0.113.20,8443,925,414003000,74,allow,0
74,4,47,application,media,3d8d72cb48d869bac1800f2f21d0c06e,ephemeral-0,0,4,5,client_to_server,data,udp,203.0.113.20,8443,585,414004000,75,allow,0
75,4,47,application,media,3d8d72cb48d869bac1800f2f21d0c06e,ephemeral-0,0,0,1,server_to_client,ack,udp,203.0.113.20,8443,38,414175000,76,allow,0
76,4,47,application,media,3d8d72cb48d869bac1800f2f21d0c06e,ephemeral-1,1,0,5,client_to_server,data,udp,203.0.113.21,8443,925,414000000,77,allow,0
77,4,47,application,media,3d8d72cb48d869bac1800f2f21d0c06e,ephemeral-1,1,1,5,client_to_server,data,udp,203.0.113.21,8443,925,414001000,78,allow,0
78,4,47,application,media,3d8d72cb48d869bac1800f2f21d0c06e,ephemeral-1,1,2,5,client_to_server,data,udp,203.0.113.21,8443,925,414002000,79,allow,0
79,4,47,application,media,3d8d72cb48d869bac1800f2f21d0c06e,ephemeral-1,1,3,5,client_to_server,data,udp,203.0.113.21,8443,925,414003000,80,allow,0
80,4,47,application,media,3d8d72cb48d869bac1800f2f21d0c06e,ephemeral-1,1,4,5,client_to_server,data,udp,203.0.113.21,8443,585,414004000,81,allow,0
81,4,47,application,media,3d8d72cb48d869bac1800f2f21d0c06e,ephemeral-1,1,0,1,server_to_client,ack,udp,203.0.113.21,8443,38,414185000,82,allow,0
82,4,48,application,file,64488b64e7c8baf39e8cc782bac89739,ephemeral-0,0,0,10,client_to_server,data,udp,203.0.113.20,8443,925,415000000,83,allow,0
83,4,48,application,file,64488b64e7c8baf39e8cc782bac89739,ephemeral-0,0,1,10,client_to_server,data,udp,203.0.113.20,8443,925,415001000,84,allow,0
84,4,48,application,file,64488b64e7c8baf39e8cc782bac89739,ephemeral-0,0,2,10,client_to_server,data,udp,203.0.113.20,8443,925,415002000,85,allow,0
85,4,48,application,file,64488b64e7c8baf39e8cc782bac89739,ephemeral-0,0,3,10,client_to_server,data,udp,203.0.113.20,8443,925,415003000,86,allow,0
86,4,48,application,file,64488b64e7c8baf39e8cc782bac89739,ephemeral-0,0,4,10,client_to_server,data,udp,203.0.113.20,8443,925,415004000,87,allow,0
87,4,48,application,file,64488b64e7c8baf39e8cc782bac89739,ephemeral-0,0,5,10,client_to_server,data,udp,203.0.113.20,8443,925,415005000,88,allow,0
88,4,48,application,file,64488b64e7c8baf39e8cc782bac89739,ephemeral-0,0,6,10,client_to_server,data,udp,203.0.113.20,8443,925,415006000,89,allow,0
89,4,48,application,file,64488b64e7c8baf39e8cc782bac89739,ephemeral-0,0,7,10,client_to_server,data,udp,203.0.113.20,8443,925,415007000,90,allow,0
90,4,48,application,file,64488b64e7c8baf39e8cc782bac89739,ephemeral-0,0,8,10,client_to_server,data,udp,203.0.113.20,8443,925,415008000,91,allow,0
91,4,48,application,file,64488b64e7c8baf39e8cc782bac89739,ephemeral-0,0,9,10,client_to_server,data,udp,203.0.113.20,8443,181,415009000,92,allow,0
92,4,48,application,file,64488b64e7c8baf39e8cc782bac89739,ephemeral-0,0,0,1,server_to_client,ack,udp,203.0.113.20,8443,38,415180000,93,allow,0
93,4,48,application,file,64488b64e7c8baf39e8cc782bac89739,ephemeral-1,1,0,10,client_to_server,data,udp,203.0.113.21,8443,925,415000000,94,allow,0
94,4,48,application,file,64488b64e7c8baf39e8cc782bac89739,ephemeral-1,1,1,10,client_to_server,data,udp,203.0.113.21,8443,925,415001000,95,allow,0
95,4,48,application,file,64488b64e7c8baf39e8cc782bac89739,ephemeral-1,1,2,10,client_to_server,data,udp,203.0.113.21,8443,925,415002000,96,allow,0
96,4,48,application,file,64488b64e7c8baf39e8cc782bac89739,ephemeral-1,1,3,10,client_to_server,data,udp,203.0.113.21,8443,925,415003000,97,allow,0
97,4,48,application,file,64488b64e7c8baf39e8cc782bac89739,ephemeral-1,1,4,10,client_to_server,data,udp,203.0.113.21,8443,925,415004000,98,allow,0
98,4,48,application,file,64488b64e7c8baf39e8cc782bac89739,ephemeral-1,1,5,10,client_to_server,data,udp,203.0.113.21,8443,925,415005000,99,allow,0
99,4,48,application,file,64488b64e7c8baf39e8cc782bac89739,ephemeral-1,1,6,10,client_to_server,data,udp,203.0.113.21,8443,925,415006000,100,allow,0
100,4,48,application,file,64488b64e7c8baf39e8cc782bac89739,ephemeral-1,1,7,10,client_to_server,data,udp,203.0.113.21,8443,925,415007000,101,allow,0
101,4,48,application,file,64488b64e7c8baf39e8cc782bac89739,ephemeral-1,1,8,10,client_to_server,data,udp,203.0.113.21,8443,925,415008000,102,allow,0
102,4,48,application,file,64488b64e7c8baf39e8cc782bac89739,ephemeral-1,1,9,10,client_to_server,data,udp,203.0.113.21,8443,181,415009000,103,allow,0
103,4,48,application,file,64488b64e7c8baf39e8cc782bac89739,ephemeral-1,1,0,1,server_to_client,ack,udp,203.0.113.21,8443,38,415190000,104,allow,0
104,4,49,application,realtime,548fcbc6a02995c89770de64c06cec50,ephemeral-0,0,0,2,client_to_server,data,udp,203.0.113.20,8443,925,416000000,105,allow,0
105,4,49,application,realtime,548fcbc6a02995c89770de64c06cec50,ephemeral-0,0,1,2,client_to_server,data,udp,203.0.113.20,8443,213,416001000,106,allow,0
106,4,49,application,realtime,548fcbc6a02995c89770de64c06cec50,ephemeral-0,0,0,1,server_to_client,ack,udp,203.0.113.20,8443,38,416172000,107,allow,0
107,4,49,application,realtime,548fcbc6a02995c89770de64c06cec50,ephemeral-1,1,0,2,client_to_server,data,udp,203.0.113.21,8443,925,416000000,108,allow,0
108,4,49,application,realtime,548fcbc6a02995c89770de64c06cec50,ephemeral-1,1,1,2,client_to_server,data,udp,203.0.113.21,8443,213,416001000,109,allow,0
109,4,49,application,realtime,548fcbc6a02995c89770de64c06cec50,ephemeral-1,1,0,1,server_to_client,ack,udp,203.0.113.21,8443,38,416182000,110,allow,0
1,5,-1,calibration,calibration,,calibration,-1,0,1,client_to_server,calibration,tcp,198.51.100.1,8443,28,500000000,2,drop,1
2,5,-1000,probe,text,beb17001557ef2564d778d2adc861fd8,direct-0,0,0,1,client_to_server,data,tcp,198.51.100.1,8443,185,501000000,3,drop,1
3,5,-1000,probe,text,beb17001557ef2564d778d2adc861fd8,direct-0,0,0,1,server_to_client,ack,tcp,198.51.100.1,8443,38,501091000,4,drop,1
4,5,-1001,probe,text,34290e87bc837e074e06746ef90cf3c7,fixed-0,0,0,1,client_to_server,data,tcp,198.51.100.2,8443,185,502000000,5,allow,0
5,5,-1001,probe,text,34290e87bc837e074e06746ef90cf3c7,fixed-0,0,0,1,server_to_client,ack,tcp,198.51.100.2,8443,38,502081000,6,allow,0
6,5,-1002,probe,text,215b3b64745f12d6d195f436963e57dd,generated-0,0,0,1,client_to_server,data,tcp,203.0.113.10,8443,185,503000000,7,allow,0
7,5,-1002,probe,text,215b3b64745f12d6d195f436963e57dd,generated-0,0,0,1,server_to_client,ack,tcp,203.0.113.10,8443,38,503131000,8,allow,0
8,5,-1003,probe,text,e31282eaed24146ea4b4e41d99df6938,generated-1,0,0,1,client_to_server,data,tcp,203.0.113.11,8443,185,504000000,9,drop,1
9,5,-1003,probe,text,e31282eaed24146ea4b4e41d99df6938,generated-1,0,0,1,server_to_client,ack,tcp,203.0.113.11,8443,38,504141000,10,drop,1
10,5,-1004,probe,text,5525888d23d168388298a47e6cd45628,ephemeral-0,0,0,1,client_to_server,data,udp,203.0.113.20,8443,185,505000000,11,allow,0
11,5,-1004,probe,text,5525888d23d168388298a47e6cd45628,ephemeral-0,0,0,1,server_to_client,ack,udp,203.0.113.20,8443,38,505171000,12,allow,0
12,5,-1005,probe,text,322cc9411ad68c8796714b775be72200,ephemeral-1,0,0,1,client_to_server,data,udp,203.0.113.21,8443,185,506000000,13,allow,0
13,5,-1005,probe,text,322cc9411ad68c8796714b775be72200,ephemeral-1,0,0,1,server_to_client,ack,udp,203.0.113.21,8443,38,506181000,14,allow,0
14,5,50,application,text,8d6ca7ad3db970c3c7efac919acf867c,ephemeral-0,0,0,1,client_to_server,data,udp,203.0.113.20,8443,601,507000000,15,allow,0
15,5,50,application,text,8d6ca7ad3db970c3c7efac919acf867c,ephemeral-0,0,0,1,server_to_client,ack,udp,203.0.113.20,8443,38,507171000,16,allow,0
16,5,50,application,text,8d6ca7ad3db970c3c7efac919acf867c,ephemeral-1,1,0,1,client_to_server,data,udp,203.0.113.21,8443,601,507000000,17,allow,0
17,5,50,application,text,8d6ca7ad3db970c3c7efac919acf867c,ephemeral-1,1,0,1,server_to_client,ack,udp,203.0.113.21,8443,38,507181000,18,allow,0
18,5,51,application,presence,c0949d566d018e4f94e4339653592fec,ephemeral-0,0,0,1,client_to_server,data,udp,203.0.113.20,8443,185,508000000,19,allow,0
19,5,51,application,presence,c0949d566d018e4f94e4339653592fec,ephemeral-0,0,0,1,server_to_client,ack,udp,203.0.113.20,8443,38,508171000,20,allow,0
20,5,51,application,presence,c0949d566d018e4f94e4339653592fec,ephemeral-1,1,0,1,client_to_server,data,udp,203.0.113.21,8443,185,508000000,21,allow,0
21,5,51,application,presence,c0949d566d018e4f94e4339653592fec,ephemeral-1,1,0,1,server_to_client,ack,udp,203.0.113.21,8443,38,508181000,22,allow,0
22,5,52,application,media,145df364291df3cd37dc4e6c7fe7d456,ephemeral-0,0,0,5,client_to_server,data,udp,203.0.113.20,8443,925,509000000,23,allow,0
23,5,52,application,media,145df364291df3cd37dc4e6c7fe7d456,ephemeral-0,0,1,5,client_to_server,data,udp,203.0.113.20,8443,925,509001000,24,allow,0
24,5,52,application,media,145df364291df3cd37dc4e6c7fe7d456,ephemeral-0,0,2,5,client_to_server,data,udp,203.0.113.20,8443,925,509002000,25,allow,0
25,5,52,application,media,145df364291df3cd37dc4e6c7fe7d456,ephemeral-0,0,3,5,client_to_server,data,udp,203.0.113.20,8443,925,509003000,26,allow,0
26,5,52,application,media,145df364291df3cd37dc4e6c7fe7d456,ephemeral-0,0,4,5,client_to_server,data,udp,203.0.113.20,8443,585,509004000,27,allow,0
27,5,52,application,media,145df364291df3cd37dc4e6c7fe7d456,ephemeral-0,0,0,1,server_to_client,ack,udp,203.0.113.20,8443,38,509175000,28,allow,0
28,5,52,application,media,145df364291df3cd37dc4e6c7fe7d456,ephemeral-1,1,0,5,client_to_server,data,udp,203.0.113.21,8443,925,509000000,29,allow,0
29,5,52,application,media,145df364291df3cd37dc4e6c7fe7d456,ephemeral-1,1,1,5,client_to_server,data,udp,203.0.113.21,8443,925,509001000,30,allow,0
30,5,52,application,media,145df364291df3cd37dc4e6c7fe7d456,ephemeral-1,1,2,5,client_to_server,data,udp,203.0.113.21,8443,925,509002000,31,allow,0
31,5,52,application,media,145df364291df3cd37dc4e6c7fe7d456,ephemeral-1,1,3,5,client_to_server,data,udp,203.0.113.21,8443,925,509003000,32,allow,0
32,5,52,application,media,145df364291df3cd37dc4e6c7fe7d456,ephemeral-1,1,4,5,client_to_server,data,udp,203.0.113.21,8443,585,509004000,33,allow,0
33,5,52,application,media,145df364291df3cd37dc4e6c7fe7d456,ephemeral-1,1,0,1,server_to_client,ack,udp,203.0.113.21,8443,38,509185000,34,allow,0
34,5,53,application,file,c6b8f0528ee9b4e0294a03b24ee15be3,ephemeral-0,0,0,10,client_to_server,data,udp,203.0.113.20,8443,925,510000000,35,allow,0
35,5,53,application,file,c6b8f0528ee9b4e0294a03b24ee15be3,ephemeral-0,0,1,10,client_to_server,data,udp,203.0.113.20,8443,925,510001000,36,allow,0
36,5,53,application,file,c6b8f0528ee9b4e0294a03b24ee15be3,ephemeral-0,0,2,10,client_to_server,data,udp,203.0.113.20,8443,925,510002000,37,allow,0
37,5,53,application,file,c6b8f0528ee9b4e0294a03b24ee15be3,ephemeral-0,0,3,10,client_to_server,data,udp,203.0.113.20,8443,925,510003000,38,allow,0
38,5,53,application,file,c6b8f0528ee9b4e0294a03b24ee15be3,ephemeral-0,0,4,10,client_to_server,data,udp,203.0.113.20,8443,925,510004000,39,allow,0
39,5,53,application,file,c6b8f0528ee9b4e0294a03b24ee15be3,ephemeral-0,0,5,10,client_to_server,data,udp,203.0.113.20,8443,925,510005000,40,allow,0
40,5,53,application,file,c6b8f0528ee9b4e0294a03b24ee15be3,ephemeral-0,0,6,10,client_to_server,data,udp,203.0.113.20,8443,925,510006000,41,allow,0
41,5,53,application,file,c6b8f0528ee9b4e0294a03b24ee15be3,ephemeral-0,0,7,10,client_to_server,data,udp,203.0.113.20,8443,925,510007000,42,allow,0
42,5,53,application,file,c6b8f0528ee9b4e0294a03b24ee15be3,ephemeral-0,0,8,10,client_to_server,data,udp,203.0.113.20,8443,925,510008000,43,allow,0
43,5,53,application,file,c6b8f0528ee9b4e0294a03b24ee15be3,ephemeral-0,0,9,10,client_to_server,data,udp,203.0.113.20,8443,181,510009000,44,allow,0
44,5,53,application,file,c6b8f0528ee9b4e0294a03b24ee15be3,ephemeral-0,0,0,1,server_to_client,ack,udp,203.0.113.20,8443,38,510180000,45,allow,0
45,5,53,application,file,c6b8f0528ee9b4e0294a03b24ee15be3,ephemeral-1,1,0,10,client_to_server,data,udp,203.0.113.21,8443,925,510000000,46,allow,0
46,5,53,application,file,c6b8f0528ee9b4e0294a03b24ee15be3,ephemeral-1,1,1,10,client_to_server,data,udp,203.0.113.21,8443,925,510001000,47,allow,0
47,5,53,application,file,c6b8f0528ee9b4e0294a03b24ee15be3,ephemeral-1,1,2,10,client_to_server,data,udp,203.0.113.21,8443,925,510002000,48,allow,0
48,5,53,application,file,c6b8f0528ee9b4e0294a03b24ee15be3,ephemeral-1,1,3,10,client_to_server,data,udp,203.0.113.21,8443,925,510003000,49,allow,0
49,5,53,application,file,c6b8f0528ee9b4e0294a03b24ee15be3,ephemeral-1,1,4,10,client_to_server,data,udp,203.0.113.21,8443,925,510004000,50,allow,0
50,5,53,application,file,c6b8f0528ee9b4e0294a03b24ee15be3,ephemeral-1,1,5,10,client_to_server,data,udp,203.0.113.21,8443,925,510005000,51,allow,0
51,5,53,application,file,c6b8f0528ee9b4e0294a03b24ee15be3,ephemeral-1,1,6,10,client_to_server,data,udp,203.0.113.21,8443,925,510006000,52,allow,0
52,5,53,application,file,c6b8f0528ee9b4e0294a03b24ee15be3,ephemeral-1,1,7,10,client_to_server,data,udp,203.0.113.21,8443,925,510007000,53,allow,0
53,5,53,application,file,c6b8f0528ee9b4e0294a03b24ee15be3,ephemeral-1,1,8,10,client_to_server,data,udp,203.0.113.21,8443,925,510008000,54,allow,0
54,5,53,application,file,c6b8f0528ee9b4e0294a03b24ee15be3,ephemeral-1,1,9,10,client_to_server,data,udp,203.0.113.21,8443,181,510009000,55,allow,0
55,5,53,application,file,c6b8f0528ee9b4e0294a03b24ee15be3,ephemeral-1,1,0,1,server_to_client,ack,udp,203.0.113.21,8443,38,510190000,56,allow,0
56,5,54,application,realtime,08df7b031c5c5222017d9d5d64e1f539,ephemeral-0,0,0,2,client_to_server,data,udp,203.0.113.20,8443,925,511000000,57,allow,0
57,5,54,application,realtime,08df7b031c5c5222017d9d5d64e1f539,ephemeral-0,0,1,2,client_to_server,data,udp,203.0.113.20,8443,213,511001000,58,allow,0
58,5,54,application,realtime,08df7b031c5c5222017d9d5d64e1f539,ephemeral-0,0,0,1,server_to_client,ack,udp,203.0.113.20,8443,38,511172000,59,allow,0
59,5,54,application,realtime,08df7b031c5c5222017d9d5d64e1f539,ephemeral-1,1,0,2,client_to_server,data,udp,203.0.113.21,8443,925,511000000,60,allow,0
60,5,54,application,realtime,08df7b031c5c5222017d9d5d64e1f539,ephemeral-1,1,1,2,client_to_server,data,udp,203.0.113.21,8443,213,511001000,61,allow,0
61,5,54,application,realtime,08df7b031c5c5222017d9d5d64e1f539,ephemeral-1,1,0,1,server_to_client,ack,udp,203.0.113.21,8443,38,511182000,62,allow,0
62,5,55,application,text,43706c760540435b48b293937896d4b7,ephemeral-0,0,0,1,client_to_server,data,udp,203.0.113.20,8443,601,512000000,63,allow,0
63,5,55,application,text,43706c760540435b48b293937896d4b7,ephemeral-0,0,0,1,server_to_client,ack,udp,203.0.113.20,8443,38,512171000,64,allow,0
64,5,55,application,text,43706c760540435b48b293937896d4b7,ephemeral-1,1,0,1,client_to_server,data,udp,203.0.113.21,8443,601,512000000,65,allow,0
65,5,55,application,text,43706c760540435b48b293937896d4b7,ephemeral-1,1,0,1,server_to_client,ack,udp,203.0.113.21,8443,38,512181000,66,allow,0
66,5,56,application,presence,18e514deff37a330b000dc4067529554,ephemeral-0,0,0,1,client_to_server,data,udp,203.0.113.20,8443,185,513000000,67,allow,0
67,5,56,application,presence,18e514deff37a330b000dc4067529554,ephemeral-0,0,0,1,server_to_client,ack,udp,203.0.113.20,8443,38,513171000,68,allow,0
68,5,56,application,presence,18e514deff37a330b000dc4067529554,ephemeral-1,1,0,1,client_to_server,data,udp,203.0.113.21,8443,185,513000000,69,allow,0
69,5,56,application,presence,18e514deff37a330b000dc4067529554,ephemeral-1,1,0,1,server_to_client,ack,udp,203.0.113.21,8443,38,513181000,70,allow,0
70,5,57,application,media,21e0e13228144d979de52a33d802b62a,ephemeral-0,0,0,5,client_to_server,data,udp,203.0.113.20,8443,925,514000000,71,allow,0
71,5,57,application,media,21e0e13228144d979de52a33d802b62a,ephemeral-0,0,1,5,client_to_server,data,udp,203.0.113.20,8443,925,514001000,72,allow,0
72,5,57,application,media,21e0e13228144d979de52a33d802b62a,ephemeral-0,0,2,5,client_to_server,data,udp,203.0.113.20,8443,925,514002000,73,allow,0
73,5,57,application,media,21e0e13228144d979de52a33d802b62a,ephemeral-0,0,3,5,client_to_server,data,udp,203.0.113.20,8443,925,514003000,74,allow,0
74,5,57,application,media,21e0e13228144d979de52a33d802b62a,ephemeral-0,0,4,5,client_to_server,data,udp,203.0.113.20,8443,585,514004000,75,allow,0
75,5,57,application,media,21e0e13228144d979de52a33d802b62a,ephemeral-0,0,0,1,server_to_client,ack,udp,203.0.113.20,8443,38,514175000,76,allow,0
76,5,57,application,media,21e0e13228144d979de52a33d802b62a,ephemeral-1,1,0,5,client_to_server,data,udp,203.0.113.21,8443,925,514000000,77,allow,0
77,5,57,application,media,21e0e13228144d979de52a33d802b62a,ephemeral-1,1,1,5,client_to_server,data,udp,203.0.113.21,8443,925,514001000,78,allow,0
78,5,57,application,media,21e0e13228144d979de52a33d802b62a,ephemeral-1,1,2,5,client_to_server,data,udp,203.0.113.21,8443,925,514002000,79,allow,0
79,5,57,application,media,21e0e13228144d979de52a33d802b62a,ephemeral-1,1,3,5,client_to_server,data,udp,203.0.113.21,8443,925,514003000,80,allow,0
80,5,57,application,media,21e0e13228144d979de52a33d802b62a,ephemeral-1,1,4,5,client_to_server,data,udp,203.0.113.21,8443,585,514004000,81,allow,0
81,5,57,application,media,21e0e13228144d979de52a33d802b62a,ephemeral-1,1,0,1,server_to_client,ack,udp,203.0.113.21,8443,38,514185000,82,allow,0
82,5,58,application,file,bf1f03b98c868bb5f97c9c4191d685bd,ephemeral-0,0,0,10,client_to_server,data,udp,203.0.113.20,8443,925,515000000,83,allow,0
83,5,58,application,file,bf1f03b98c868bb5f97c9c4191d685bd,ephemeral-0,0,1,10,client_to_server,data,udp,203.0.113.20,8443,925,515001000,84,allow,0
84,5,58,application,file,bf1f03b98c868bb5f97c9c4191d685bd,ephemeral-0,0,2,10,client_to_server,data,udp,203.0.113.20,8443,925,515002000,85,allow,0
85,5,58,application,file,bf1f03b98c868bb5f97c9c4191d685bd,ephemeral-0,0,3,10,client_to_server,data,udp,203.0.113.20,8443,925,515003000,86,allow,0
86,5,58,application,file,bf1f03b98c868bb5f97c9c4191d685bd,ephemeral-0,0,4,10,client_to_server,data,udp,203.0.113.20,8443,925,515004000,87,allow,0
87,5,58,application,file,bf1f03b98c868bb5f97c9c4191d685bd,ephemeral-0,0,5,10,client_to_server,data,udp,203.0.113.20,8443,925,515005000,88,allow,0
88,5,58,application,file,bf1f03b98c868bb5f97c9c4191d685bd,ephemeral-0,0,6,10,client_to_server,data,udp,203.0.113.20,8443,925,515006000,89,allow,0
89,5,58,application,file,bf1f03b98c868bb5f97c9c4191d685bd,ephemeral-0,0,7,10,client_to_server,data,udp,203.0.113.20,8443,925,515007000,90,allow,0
90,5,58,application,file,bf1f03b98c868bb5f97c9c4191d685bd,ephemeral-0,0,8,10,client_to_server,data,udp,203.0.113.20,8443,925,515008000,91,allow,0
91,5,58,application,file,bf1f03b98c868bb5f97c9c4191d685bd,ephemeral-0,0,9,10,client_to_server,data,udp,203.0.113.20,8443,181,515009000,92,allow,0
92,5,58,application,file,bf1f03b98c868bb5f97c9c4191d685bd,ephemeral-0,0,0,1,server_to_client,ack,udp,203.0.113.20,8443,38,515180000,93,allow,0
93,5,58,application,file,bf1f03b98c868bb5f97c9c4191d685bd,ephemeral-1,1,0,10,client_to_server,data,udp,203.0.113.21,8443,925,515000000,94,allow,0
94,5,58,application,file,bf1f03b98c868bb5f97c9c4191d685bd,ephemeral-1,1,1,10,client_to_server,data,udp,203.0.113.21,8443,925,515001000,95,allow,0
95,5,58,application,file,bf1f03b98c868bb5f97c9c4191d685bd,ephemeral-1,1,2,10,client_to_server,data,udp,203.0.113.21,8443,925,515002000,96,allow,0
96,5,58,application,file,bf1f03b98c868bb5f97c9c4191d685bd,ephemeral-1,1,3,10,client_to_server,data,udp,203.0.113.21,8443,925,515003000,97,allow,0
97,5,58,application,file,bf1f03b98c868bb5f97c9c4191d685bd,ephemeral-1,1,4,10,client_to_server,data,udp,203.0.113.21,8443,925,515004000,98,allow,0
98,5,58,application,file,bf1f03b98c868bb5f97c9c4191d685bd,ephemeral-1,1,5,10,client_to_server,data,udp,203.0.113.21,8443,925,515005000,99,allow,0
99,5,58,application,file,bf1f03b98c868bb5f97c9c4191d685bd,ephemeral-1,1,6,10,client_to_server,data,udp,203.0.113.21,8443,925,515006000,100,allow,0
100,5,58,application,file,bf1f03b98c868bb5f97c9c4191d685bd,ephemeral-1,1,7,10,client_to_server,data,udp,203.0.113.21,8443,925,515007000,101,allow,0
101,5,58,application,file,bf1f03b98c868bb5f97c9c4191d685bd,ephemeral-1,1,8,10,client_to_server,data,udp,203.0.113.21,8443,925,515008000,102,allow,0
102,5,58,application,file,bf1f03b98c868bb5f97c9c4191d685bd,ephemeral-1,1,9,10,client_to_server,data,udp,203.0.113.21,8443,181,515009000,103,allow,0
103,5,58,application,file,bf1f03b98c868bb5f97c9c4191d685bd,ephemeral-1,1,0,1,server_to_client,ack,udp,203.0.113.21,8443,38,515190000,104,allow,0
104,5,59,application,realtime,c9645fe4c0c52a603cefa416df5485fd,ephemeral-0,0,0,2,client_to_server,data,udp,203.0.113.20,8443,925,516000000,105,allow,0
105,5,59,application,realtime,c9645fe4c0c52a603cefa416df5485fd,ephemeral-0,0,1,2,client_to_server,data,udp,203.0.113.20,8443,213,516001000,106,allow,0
106,5,59,application,realtime,c9645fe4c0c52a603cefa416df5485fd,ephemeral-0,0,0,1,server_to_client,ack,udp,203.0.113.20,8443,38,516172000,107,allow,0
107,5,59,application,realtime,c9645fe4c0c52a603cefa416df5485fd,ephemeral-1,1,0,2,client_to_server,data,udp,203.0.113.21,8443,925,516000000,108,allow,0
108,5,59,application,realtime,c9645fe4c0c52a603cefa416df5485fd,ephemeral-1,1,1,2,client_to_server,data,udp,203.0.113.21,8443,213,516001000,109,allow,0
109,5,59,application,realtime,c9645fe4c0c52a603cefa416df5485fd,ephemeral-1,1,0,1,server_to_client,ack,udp,203.0.113.21,8443,38,516182000,110,allow,0
