censor_model,architecture,parameter,structurally_active,prcc,bootstrap_ci_low,bootstrap_ci_high,bootstrap_valid
classifier_dominant,direct_e2ee,architecture_passive_separability_multiplier,1,-0.9258236318921129,-0.9490639459765732,-0.8765213178928263,100
classifier_dominant,direct_e2ee,architecture_discovery_rate_multiplier,0,nan,nan,nan,0
classifier_dominant,direct_e2ee,architecture_probe_confirmation_multiplier,0,nan,nan,nan,0
classifier_dominant,direct_e2ee,architecture_endpoint_pool_multiplier,0,nan,nan,nan,0
classifier_dominant,direct_e2ee,architecture_rotation_speed_multiplier,0,nan,nan,nan,0
classifier_dominant,direct_e2ee,architecture_protocol_diversity_multiplier,1,-0.012360339798524205,-0.26742400740827177,0.22374060643596927,100
classifier_dominant,direct_e2ee,architecture_transport_overhead_multiplier,1,-0.10777791001670688,-0.3605516837439224,0.12452153083719564,100
classifier_dominant,direct_e2ee,censor_false_positive_cap,1,-0.7302296905518663,-0.8300893104063096,-0.5188617308881773,100
classifier_dominant,direct_e2ee,censor_path_enforcement,1,-0.2229934071072581,-0.4491230361672097,0.014385788717552653,100
classifier_dominant,direct_e2ee,censor_budget_multiplier,0,nan,nan,nan,0
classifier_dominant,direct_e2ee,censor_block_ttl_multiplier,0,nan,nan,nan,0
classifier_dominant,direct_e2ee,censor_retrain_interval,1,0.04822464051904927,-0.22157138851667244,0.25802799710206703,100
classifier_dominant,direct_e2ee,censor_platform_filter_rate,0,nan,nan,nan,0
classifier_dominant,direct_e2ee,network_latency_multiplier,1,-0.17748229786314393,-0.3817229381557772,-0.003269301324342354,100
classifier_dominant,direct_e2ee,network_loss_multiplier,1,-0.7174174083206338,-0.7948483578556408,-0.5613373280834659,100
classifier_dominant,direct_e2ee,network_bandwidth_multiplier,1,0.3937194587842315,0.16499903607762686,0.6088203817011948,100
classifier_dominant,fixed_proxy,architecture_passive_separability_multiplier,1,-0.9652102905465951,-0.9728949524970257,-0.9116494353520721,100
classifier_dominant,fixed_proxy,architecture_discovery_rate_multiplier,0,nan,nan,nan,0
classifier_dominant,fixed_proxy,architecture_probe_confirmation_multiplier,0,nan,nan,nan,0
classifier_dominant,fixed_proxy,architecture_endpoint_pool_multiplier,0,nan,nan,nan,0
classifier_dominant,fixed_proxy,architecture_rotation_speed_multiplier,0,nan,nan,nan,0
classifier_dominant,fixed_proxy,architecture_protocol_diversity_multiplier,1,0.02427383013454047,-0.20699070310789391,0.27434381205916464,100
classifier_dominant,fixed_proxy,architecture_transport_overhead_multiplier,1,-0.062149246252567805,-0.36510939187297614,0.22529968176400314,100
classifier_dominant,fixed_proxy,censor_false_positive_cap,1,-0.8126842779901893,-0.8858143886583746,-0.5965269140974174,100
classifier_dominant,fixed_proxy,censor_path_enforcement,1,-0.317092486230683,-0.5393982705603618,-0.05882202304410222,100
classifier_dominant,fixed_proxy,censor_budget_multiplier,0,nan,nan,nan,0
classifier_dominant,fixed_proxy,censor_block_ttl_multiplier,0,nan,nan,nan,0
classifier_dominant,fixed_proxy,censor_retrain_interval,1,0.13419623286464516,-0.20456568835280015,0.4066536409279889,100
classifier_dominant,fixed_proxy,censor_platform_filter_rate,0,nan,nan,nan,0
classifier_dominant,fixed_proxy,network_latency_multiplier,1,-0.12284536183194097,-0.37149855033723017,0.11656539313686241,100
classifier_dominant,fixed_proxy,network_loss_multiplier,1,-0.5903777060892027,-0.6654045835812405,-0.3968512722641041,100
classifier_dominant,fixed_proxy,network_bandwidth_multiplier,1,0.3566476491430231,0.07803356928296229,0.5902162316602683,100
classifier_dominant,generated_transport,architecture_passive_separability_multiplier,1,-0.8195082126490736,-0.8853754491438347,-0.7071601232830543,100
classifier_dominant,generated_transport,architecture_discovery_rate_multiplier,0,nan,nan,nan,0
classifier_dominant,generated_transport,architecture_probe_confirmation_multiplier,0,nan,nan,nan,0
classifier_dominant,generated_transport,architecture_endpoint_pool_multiplier,0,nan,nan,nan,0
classifier_dominant,generated_transport,architecture_rotation_speed_multiplier,1,-0.0964531976026618,-0.3414535338213352,0.18937684686337164,100
classifier_dominant,generated_transport,architecture_protocol_diversity_multiplier,1,-0.7325236824122479,-0.8346237920374611,-0.5490166500075018,100
classifier_dominant,generated_transport,architecture_transport_overhead_multiplier,1,-0.18727126146445752,-0.42214010038122685,0.03957618925558707,100
classifier_dominant,generated_transport,censor_false_positive_cap,1,-0.7142703489002534,-0.8115173775492844,-0.5610076924182558,100
classifier_dominant,generated_transport,censor_path_enforcement,1,-0.21379431177313613,-0.47442650199732544,0.06091415673233831,100
classifier_dominant,generated_transport,censor_budget_multiplier,0,nan,nan,nan,0
classifier_dominant,generated_transport,censor_block_ttl_multiplier,0,nan,nan,nan,0
classifier_dominant,generated_transport,censor_retrain_interval,1,0.09624195276165846,-0.20508898697455863,0.34446687990546165,100
classifier_dominant,generated_transport,censor_platform_filter_rate,0,nan,nan,nan,0
classifier_dominant,generated_transport,network_latency_multiplier,1,-0.1941200135013971,-0.4492495909349965,0.02682810200074304,100
classifier_dominant,generated_transport,network_loss_multiplier,1,-0.8087707130964152,-0.8828793941582742,-0.6486880988904536,100
classifier_dominant,generated_transport,network_bandwidth_multiplier,1,0.657965147380727,0.450227120177538,0.7790907797758291,100
classifier_dominant,ephemeral_relay,architecture_passive_separability_multiplier,1,-0.9509659464205918,-0.9671578668047782,-0.9022021129080288,100
classifier_dominant,ephemeral_relay,architecture_discovery_rate_multiplier,0,nan,nan,nan,0
classifier_dominant,ephemeral_relay,architecture_probe_confirmation_multiplier,0,nan,nan,nan,0
classifier_dominant,ephemeral_relay,architecture_endpoint_pool_multiplier,0,nan,nan,nan,0
classifier_dominant,ephemeral_relay,architecture_rotation_speed_multiplier,1,-0.16243956149230568,-0.4321832304282772,0.13718373438824227,100
classifier_dominant,ephemeral_relay,architecture_protocol_diversity_multiplier,1,0.02560816488939113,-0.2518825643901131,0.3086982543925597,100
classifier_dominant,ephemeral_relay,architecture_transport_overhead_multiplier,1,-0.013097585457692648,-0.30235505195492923,0.2602036198936418,100
classifier_dominant,ephemeral_relay,censor_false_positive_cap,1,-0.7762716721907281,-0.8411158980993019,-0.6269227827873156,100
classifier_dominant,ephemeral_relay,censor_path_enforcement,1,-0.32833854499991766,-0.5699094438693562,0.009980979252397437,100
classifier_dominant,ephemeral_relay,censor_budget_multiplier,0,nan,nan,nan,0
classifier_dominant,ephemeral_relay,censor_block_ttl_multiplier,0,nan,nan,nan,0
classifier_dominant,ephemeral_relay,censor_retrain_interval,1,0.04825287782044298,-0.23433818458591527,0.35014458199765264,100
classifier_dominant,ephemeral_relay,censor_platform_filter_rate,0,nan,nan,nan,0
classifier_dominant,ephemeral_relay,network_latency_multiplier,1,-0.1850215894848734,-0.42634650648241906,0.02464301243741422,100
classifier_dominant,ephemeral_relay,network_loss_multiplier,1,-0.6113838422075214,-0.7206734715007143,-0.3189680622180947,100
classifier_dominant,ephemeral_relay,network_bandwidth_multiplier,1,0.47023120715624017,0.18671645145534424,0.6256063279457237,100
classifier_dominant,platform_controlled,architecture_passive_separability_multiplier,1,-0.03871054678058253,-0.26329166579988894,0.24206393272472138,100
classifier_dominant,platform_controlled,architecture_discovery_rate_multiplier,0,nan,nan,nan,0
classifier_dominant,platform_controlled,architecture_probe_confirmation_multiplier,0,nan,nan,nan,0
classifier_dominant,platform_controlled,architecture_endpoint_pool_multiplier,0,nan,nan,nan,0
classifier_dominant,platform_controlled,architecture_rotation_speed_multiplier,0,nan,nan,nan,0
classifier_dominant,platform_controlled,architecture_protocol_diversity_multiplier,1,-0.030006544009277308,-0.294286273145888,0.254603733439924,100
classifier_dominant,platform_controlled,architecture_transport_overhead_multiplier,1,-0.5098234478692304,-0.6657946258064597,-0.25653074095737205,100
classifier_dominant,platform_controlled,censor_false_positive_cap,1,-0.019068362274718555,-0.2966720871113045,0.27061604100263764,100
classifier_dominant,platform_controlled,censor_path_enforcement,1,0.0062042787458803225,-0.28125158939096895,0.28205698269660145,100
classifier_dominant,platform_controlled,censor_budget_multiplier,0,nan,nan,nan,0
classifier_dominant,platform_controlled,censor_block_ttl_multiplier,0,nan,nan,nan,0
classifier_dominant,platform_controlled,censor_retrain_interval,1,0.06173991889918922,-0.2689548577883038,0.27923951626909077,100
classifier_dominant,platform_controlled,censor_platform_filter_rate,0,nan,nan,nan,0
classifier_dominant,platform_controlled,network_latency_multiplier,1,-0.6356254115686902,-0.719378096965747,-0.42981573370753257,100
classifier_dominant,platform_controlled,network_loss_multiplier,1,-0.9750019849101552,-0.9818479988208,-0.9446404051540821,100
classifier_dominant,platform_controlled,network_bandwidth_multiplier,1,0.8618102014513889,0.7116946852793266,0.8885025610609272,100
endpoint_discovery_dominant,direct_e2ee,architecture_passive_separability_multiplier,1,-0.8946680686118649,-0.936191788323579,-0.8324904364180999,100
endpoint_discovery_dominant,direct_e2ee,architecture_discovery_rate_multiplier,1,-0.10298559212445955,-0.38056303349325776,0.18532232365280638,100
endpoint_discovery_dominant,direct_e2ee,architecture_probe_confirmation_multiplier,1,-0.1274896258646732,-0.38184204984030007,0.21379506076180937,100
endpoint_discovery_dominant,direct_e2ee,architecture_endpoint_pool_multiplier,1,0.6292760091111937,0.32774178960081723,0.7526880644446813,100
endpoint_discovery_dominant,direct_e2ee,architecture_rotation_speed_multiplier,0,nan,nan,nan,0
endpoint_discovery_dominant,direct_e2ee,architecture_protocol_diversity_multiplier,1,-0.13001631169159136,-0.34530637316545304,0.15422249036810637,100
endpoint_discovery_dominant,direct_e2ee,architecture_transport_overhead_multiplier,1,0.04136756102344076,-0.2977368946697396,0.3035636893878908,100
endpoint_discovery_dominant,direct_e2ee,censor_false_positive_cap,1,-0.7361111063956377,-0.8128437449754095,-0.5033630690267694,100
endpoint_discovery_dominant,direct_e2ee,censor_path_enforcement,0,nan,nan,nan,0
endpoint_discovery_dominant,direct_e2ee,censor_budget_multiplier,1,0.2158028484659685,-0.051533565539976144,0.46766473778331047,100
endpoint_discovery_dominant,direct_e2ee,censor_block_ttl_multiplier,1,-0.6034051653961039,-0.7010701502916709,-0.3773064148583219,100
endpoint_discovery_dominant,direct_e2ee,censor_retrain_interval,0,nan,nan,nan,0
endpoint_discovery_dominant,direct_e2ee,censor_platform_filter_rate,0,nan,nan,nan,0
endpoint_discovery_dominant,direct_e2ee,network_latency_multiplier,1,0.03360290138290708,-0.2397051205199476,0.31741856443621547,100
endpoint_discovery_dominant,direct_e2ee,network_loss_multiplier,1,-0.06203675273376658,-0.313224196242382,0.17722292461021394,100
endpoint_discovery_dominant,direct_e2ee,network_bandwidth_multiplier,1,0.1832263571522017,-0.061249190825444645,0.4203986579058065,100
endpoint_discovery_dominant,fixed_proxy,architecture_passive_separability_multiplier,1,-0.9367029695780259,-0.9634073686063522,-0.8780345733385025,100
endpoint_discovery_dominant,fixed_proxy,architecture_discovery_rate_multiplier,1,0.023414483566127825,-0.23896973468620789,0.29676165665554893,100
endpoint_discovery_dominant,fixed_proxy,architecture_probe_confirmation_multiplier,1,-0.5827932300412787,-0.7215972147862316,-0.3665585279943119,100
endpoint_discovery_dominant,fixed_proxy,architecture_endpoint_pool_multiplier,1,0.5597685005779109,0.261419819511044,0.7036446373307853,100
endpoint_discovery_dominant,fixed_proxy,architecture_rotation_speed_multiplier,0,nan,nan,nan,0
endpoint_discovery_dominant,fixed_proxy,architecture_protocol_diversity_multiplier,1,-0.1658133314299048,-0.37149998705028475,0.11517982273999867,100
endpoint_discovery_dominant,fixed_proxy,architecture_transport_overhead_multiplier,1,0.05453596855667045,-0.21810709734473052,0.32282170261070403,100
endpoint_discovery_dominant,fixed_proxy,censor_false_positive_cap,1,-0.8156942162653034,-0.8954981641512637,-0.6693514499408921,100
endpoint_discovery_dominant,fixed_proxy,censor_path_enforcement,0,nan,nan,nan,0
endpoint_discovery_dominant,fixed_proxy,censor_budget_multiplier,1,0.10022201028796007,-0.12934388566741997,0.4107187918651947,100
endpoint_discovery_dominant,fixed_proxy,censor_block_ttl_multiplier,1,-0.5821875066409296,-0.7382701519009243,-0.36008489686720374,100
endpoint_discovery_dominant,fixed_proxy,censor_retrain_interval,0,nan,nan,nan,0
endpoint_discovery_dominant,fixed_proxy,censor_platform_filter_rate,0,nan,nan,nan,0
endpoint_discovery_dominant,fixed_proxy,network_latency_multiplier,1,0.1020784657950953,-0.13520638620424885,0.347160343177989,100
endpoint_discovery_dominant,fixed_proxy,network_loss_multiplier,1,-0.02621379140662273,-0.2757764928574669,0.2551946428239271,100
endpoint_discovery_dominant,fixed_proxy,network_bandwidth_multiplier,1,0.04208280366033188,-0.27392178691526925,0.3176441561054178,100
endpoint_discovery_dominant,generated_transport,architecture_passive_separability_multiplier,1,-0.6337229112230071,-0.7541000853892886,-0.40864147643590454,100
endpoint_discovery_dominant,generated_transport,architecture_discovery_rate_multiplier,1,0.01849242913572348,-0.2983547712150246,0.3063609286538856,100
endpoint_discovery_dominant,generated_transport,architecture_probe_confirmation_multiplier,1,-0.4609318358699437,-0.6321453076337599,-0.20914981903577748,100
endpoint_discovery_dominant,generated_transport,architecture_endpoint_pool_multiplier,1,0.07930356020182025,-0.13377199917609295,0.3502763509001958,100
endpoint_discovery_dominant,generated_transport,architecture_rotation_speed_multiplier,1,0.020205774990491043,-0.27002522695542425,0.28784258592170325,100
endpoint_discovery_dominant,generated_transport,architecture_protocol_diversity_multiplier,1,-0.6789895039526026,-0.7502745989173771,-0.40577806864367627,100
endpoint_discovery_dominant,generated_transport,architecture_transport_overhead_multiplier,1,-0.019759294097960532,-0.2950211506882948,0.26385998374009617,100
endpoint_discovery_dominant,generated_transport,censor_false_positive_cap,1,-0.19684931008726564,-0.4046968719299449,0.027751399523973663,100
endpoint_discovery_dominant,generated_transport,censor_path_enforcement,0,nan,nan,nan,0
endpoint_discovery_dominant,generated_transport,censor_budget_multiplier,1,0.038870766952347584,-0.20049435912319102,0.27428440968817325,100
endpoint_discovery_dominant,generated_transport,censor_block_ttl_multiplier,1,-0.33030279067605994,-0.643646965088978,-0.057208366503851533,100
endpoint_discovery_dominant,generated_transport,censor_retrain_interval,0,nan,nan,nan,0
endpoint_discovery_dominant,generated_transport,censor_platform_filter_rate,0,nan,nan,nan,0
endpoint_discovery_dominant,generated_transport,network_latency_multiplier,1,-0.16563186665416438,-0.47005137469924396,0.10682083830110743,100
endpoint_discovery_dominant,generated_transport,network_loss_multiplier,1,-0.7427864710631363,-0.8620404828643121,-0.5628285580286874,100
endpoint_discovery_dominant,generated_transport,network_bandwidth_multiplier,1,0.570085868696008,0.37073342420037725,0.7107166521097608,100
endpoint_discovery_dominant,ephemeral_relay,architecture_passive_separability_multiplier,1,-0.8539574280831013,-0.8990559156143865,-0.7524874018935334,100
endpoint_discovery_dominant,ephemeral_relay,architecture_discovery_rate_multiplier,1,0.07560969779951626,-0.2299669202216646,0.33770040429055803,100
endpoint_discovery_dominant,ephemeral_relay,architecture_probe_confirmation_multiplier,1,-0.31583230745509105,-0.48827725957090884,-0.07656680574178662,100
endpoint_discovery_dominant,ephemeral_relay,architecture_endpoint_pool_multiplier,1,-0.0859121113846358,-0.36887114329653165,0.19872130765270402,100
endpoint_discovery_dominant,ephemeral_relay,architecture_rotation_speed_multiplier,1,-0.04983224214590005,-0.4008073008909413,0.18648139045895776,100
endpoint_discovery_dominant,ephemeral_relay,architecture_protocol_diversity_multiplier,1,-0.07888678352595929,-0.2960624170205115,0.2090213014567498,100
endpoint_discovery_dominant,ephemeral_relay,architecture_transport_overhead_multiplier,1,-0.18831843360987988,-0.4560424297184533,0.09564776208857997,100
endpoint_discovery_dominant,ephemeral_relay,censor_false_positive_cap,1,-0.5438270957296493,-0.6981929983926479,-0.31291580231923966,100
endpoint_discovery_dominant,ephemeral_relay,censor_path_enforcement,0,nan,nan,nan,0
endpoint_discovery_dominant,ephemeral_relay,censor_budget_multiplier,1,0.03277048481118843,-0.2535953466012346,0.3073379044663479,100
endpoint_discovery_dominant,ephemeral_relay,censor_block_ttl_multiplier,1,-0.1512777279742062,-0.45685834890791194,0.11118129250961742,100
endpoint_discovery_dominant,ephemeral_relay,censor_retrain_interval,0,nan,nan,nan,0
endpoint_discovery_dominant,ephemeral_relay,censor_platform_filter_rate,0,nan,nan,nan,0
endpoint_discovery_dominant,ephemeral_relay,network_latency_multiplier,1,-0.27408640623231706,-0.4995324476085879,-0.023064662152371886,100
endpoint_discovery_dominant,ephemeral_relay,network_loss_multiplier,1,-0.7945490252766235,-0.8754227399533967,-0.6351177527893846,100
endpoint_discovery_dominant,ephemeral_relay,network_bandwidth_multiplier,1,0.6128459590334677,0.4611446010453263,0.7645306767857735,100
endpoint_discovery_dominant,platform_controlled,architecture_passive_separability_multiplier,1,-0.03636160722725434,-0.28297218501830623,0.2811897817290111,100
endpoint_discovery_dominant,platform_controlled,architecture_discovery_rate_multiplier,1,-0.05739335409669957,-0.3723187004020512,0.2612629301707909,100
endpoint_discovery_dominant,platform_controlled,architecture_probe_confirmation_multiplier,1,-0.13247346243815128,-0.4150850722443455,0.13782442577020249,100
endpoint_discovery_dominant,platform_controlled,architecture_endpoint_pool_multiplier,1,0.17373066648140634,-0.15556914614759307,0.4841592527923712,100
endpoint_discovery_dominant,platform_controlled,architecture_rotation_speed_multiplier,0,nan,nan,nan,0
endpoint_discovery_dominant,platform_controlled,architecture_protocol_diversity_multiplier,1,-0.06802998741079082,-0.31135570950757513,0.22600425935116558,100
endpoint_discovery_dominant,platform_controlled,architecture_transport_overhead_multiplier,1,-0.526435836269283,-0.677843707919656,-0.23029997668455968,100
endpoint_discovery_dominant,platform_controlled,censor_false_positive_cap,1,-0.006955819234942543,-0.2891549877623721,0.23808783339070516,100
endpoint_discovery_dominant,platform_controlled,censor_path_enforcement,0,nan,nan,nan,0
endpoint_discovery_dominant,platform_controlled,censor_budget_multiplier,1,0.06491838451620184,-0.15305630036687853,0.34730172376657986,100
endpoint_discovery_dominant,platform_controlled,censor_block_ttl_multiplier,1,0.1100962777739693,-0.21209394174307,0.3821742049302619,100
endpoint_discovery_dominant,platform_controlled,censor_retrain_interval,0,nan,nan,nan,0
endpoint_discovery_dominant,platform_controlled,censor_platform_filter_rate,0,nan,nan,nan,0
endpoint_discovery_dominant,platform_controlled,network_latency_multiplier,1,-0.6219786405689641,-0.7183135276724528,-0.3235737517127862,100
endpoint_discovery_dominant,platform_controlled,network_loss_multiplier,1,-0.9752013376599822,-0.9811015348367913,-0.9415399048335037,100
endpoint_discovery_dominant,platform_controlled,network_bandwidth_multiplier,1,0.8599003605061566,0.7129046927324191,0.8880593567193489,100
resource_bounded_composed,direct_e2ee,architecture_passive_separability_multiplier,1,-0.9481224872734282,-0.9591111443635899,-0.905426401958567,100
resource_bounded_composed,direct_e2ee,architecture_discovery_rate_multiplier,1,-0.14436896257568585,-0.32918392395955004,0.07069825780373165,100
resource_bounded_composed,direct_e2ee,architecture_probe_confirmation_multiplier,1,-0.09179283196085215,-0.3423280884461845,0.2502302113804342,100
resource_bounded_composed,direct_e2ee,architecture_endpoint_pool_multiplier,1,0.6860496903538262,0.45184037198247445,0.7895216720634565,100
resource_bounded_composed,direct_e2ee,architecture_rotation_speed_multiplier,0,nan,nan,nan,0
resource_bounded_composed,direct_e2ee,architecture_protocol_diversity_multiplier,1,0.022913817366129456,-0.25429869317735093,0.27579625332613317,100
resource_bounded_composed,direct_e2ee,architecture_transport_overhead_multiplier,1,0.1002592056968846,-0.2425484999873842,0.3233415148954729,100
resource_bounded_composed,direct_e2ee,censor_false_positive_cap,1,-0.8183745890249798,-0.8673734350454951,-0.6706979343146766,100
resource_bounded_composed,direct_e2ee,censor_path_enforcement,1,-0.09771495008291786,-0.36919304281848847,0.13978670655994882,100
resource_bounded_composed,direct_e2ee,censor_budget_multiplier,1,0.037173167129996874,-0.28577249539016036,0.3677155503052824,100
resource_bounded_composed,direct_e2ee,censor_block_ttl_multiplier,1,-0.7066580444300559,-0.780297405085677,-0.5354358901923205,100
resource_bounded_composed,direct_e2ee,censor_retrain_interval,1,0.10975251284695216,-0.20615264099478395,0.419333406061348,100
resource_bounded_composed,direct_e2ee,censor_platform_filter_rate,0,nan,nan,nan,0
resource_bounded_composed,direct_e2ee,network_latency_multiplier,1,0.05749802354657936,-0.22657519765292622,0.3439633701200037,100
resource_bounded_composed,direct_e2ee,network_loss_multiplier,1,-0.23384728445617411,-0.4207285533166211,0.036844489730936715,100
resource_bounded_composed,direct_e2ee,network_bandwidth_multiplier,1,0.21387605342730004,-0.11343712565274318,0.42963255132699985,100
resource_bounded_composed,fixed_proxy,architecture_passive_separability_multiplier,1,-0.954080452084487,-0.9668090855014044,-0.901102504898494,100
resource_bounded_composed,fixed_proxy,architecture_discovery_rate_multiplier,1,-0.04914014471752859,-0.33028943778315856,0.21787063592102257,100
resource_bounded_composed,fixed_proxy,architecture_probe_confirmation_multiplier,1,-0.32653065440852136,-0.5488398756645105,-0.007330824244666915,100
resource_bounded_composed,fixed_proxy,architecture_endpoint_pool_multiplier,1,0.6822522871415665,0.5051736179883599,0.7916969982532494,100
resource_bounded_composed,fixed_proxy,architecture_rotation_speed_multiplier,0,nan,nan,nan,0
resource_bounded_composed,fixed_proxy,architecture_protocol_diversity_multiplier,1,0.1484686410390152,-0.15957910713422316,0.3736303745557367,100
resource_bounded_composed,fixed_proxy,architecture_transport_overhead_multiplier,1,0.20248853060320757,-0.12529835303254194,0.40906027708425613,100
resource_bounded_composed,fixed_proxy,censor_false_positive_cap,1,-0.824322402625002,-0.8851211589440725,-0.6883568189370312,100
resource_bounded_composed,fixed_proxy,censor_path_enforcement,1,-0.13870077989106674,-0.34041794590276125,0.1399514165398483,100
resource_bounded_composed,fixed_proxy,censor_budget_multiplier,1,-0.19086837596439699,-0.43271944626957287,0.09719786637997108,100
resource_bounded_composed,fixed_proxy,censor_block_ttl_multiplier,1,-0.7143345832534542,-0.8067933311996769,-0.5198444323276316,100
resource_bounded_composed,fixed_proxy,censor_retrain_interval,1,0.17532372778057803,-0.11550726658275197,0.4411009009456399,100
resource_bounded_composed,fixed_proxy,censor_platform_filter_rate,0,nan,nan,nan,0
resource_bounded_composed,fixed_proxy,network_latency_multiplier,1,-0.1344503506600437,-0.36463881656991864,0.2076949817475032,100
resource_bounded_composed,fixed_proxy,network_loss_multiplier,1,-0.15772956420025622,-0.38607707517807693,0.17325756882765428,100
resource_bounded_composed,fixed_proxy,network_bandwidth_multiplier,1,0.14237131132775788,-0.2623183171521387,0.41298920653863314,100
resource_bounded_composed,generated_transport,architecture_passive_separability_multiplier,1,-0.8285083255048341,-0.8879098489065365,-0.657329491753877,100
resource_bounded_composed,generated_transport,architecture_discovery_rate_multiplier,1,0.13291320298288936,-0.23316572691153367,0.342259257302911,100
resource_bounded_composed,generated_transport,architecture_probe_confirmation_multiplier,1,-0.17585408240875902,-0.44976024973527035,0.03281856431277145,100
resource_bounded_composed,generated_transport,architecture_endpoint_pool_multiplier,1,0.08486212568053639,-0.2463301725933667,0.41048989200302827,100
resource_bounded_composed,generated_transport,architecture_rotation_speed_multiplier,1,-0.014838005918721335,-0.31828754894409095,0.2851995420335537,100
resource_bounded_composed,generated_transport,architecture_protocol_diversity_multiplier,1,-0.7621155061848063,-0.8394091110008365,-0.5690572210437722,100
resource_bounded_composed,generated_transport,architecture_transport_overhead_multiplier,1,-0.23366287280448567,-0.530257722796135,0.19741334749601458,100
resource_bounded_composed,generated_transport,censor_false_positive_cap,1,-0.7322054769772237,-0.8304703262223365,-0.5532279892671075,100
resource_bounded_composed,generated_transport,censor_path_enforcement,1,-0.21156063133048314,-0.4262535982830999,0.05889276237278357,100
resource_bounded_composed,generated_transport,censor_budget_multiplier,1,-0.28892363821327266,-0.454385699803468,0.06265897178805446,100
resource_bounded_composed,generated_transport,censor_block_ttl_multiplier,1,-0.20700546272445045,-0.42156936115736515,0.058259610027820284,100
resource_bounded_composed,generated_transport,censor_retrain_interval,1,0.14629929026056113,-0.18214145991010078,0.42440083131758016,100
resource_bounded_composed,generated_transport,censor_platform_filter_rate,0,nan,nan,nan,0
resource_bounded_composed,generated_transport,network_latency_multiplier,1,-0.13539171767758473,-0.4299386320604981,0.11833869062748587,100
resource_bounded_composed,generated_transport,network_loss_multiplier,1,-0.8042261092982881,-0.8947432899721967,-0.5658259134601406,100
resource_bounded_composed,generated_transport,network_bandwidth_multiplier,1,0.6353409202657925,0.41084949872072873,0.7952289076635455,100
resource_bounded_composed,ephemeral_relay,architecture_passive_separability_multiplier,1,-0.9520446278569036,-0.9649558620208011,-0.9102102290233867,100
resource_bounded_composed,ephemeral_relay,architecture_discovery_rate_multiplier,1,0.1106362235289496,-0.26497938756063477,0.39713219087396834,100
resource_bounded_composed,ephemeral_relay,architecture_probe_confirmation_multiplier,1,0.06853317793736485,-0.2485617621698117,0.2867147782202355,100
resource_bounded_composed,ephemeral_relay,architecture_endpoint_pool_multiplier,1,0.06079964325867418,-0.23280948406318905,0.36112416098979044,100
resource_bounded_composed,ephemeral_relay,architecture_rotation_speed_multiplier,1,-0.12762861228895062,-0.45110098676210536,0.17122618741019938,100
resource_bounded_composed,ephemeral_relay,architecture_protocol_diversity_multiplier,1,-0.03257483049531658,-0.2866545521243297,0.24993048155610664,100
resource_bounded_composed,ephemeral_relay,architecture_transport_overhead_multiplier,1,0.02561812281774504,-0.22619726515288852,0.3207705134296656,100
resource_bounded_composed,ephemeral_relay,censor_false_positive_cap,1,-0.7915572303957301,-0.8647027319858231,-0.6415521580564466,100
resource_bounded_composed,ephemeral_relay,censor_path_enforcement,1,-0.3023571171391403,-0.5123213741323486,0.07163446571769705,100
resource_bounded_composed,ephemeral_relay,censor_budget_multiplier,1,-0.00925416276615152,-0.2772697356915521,0.2262439755362831,100
resource_bounded_composed,ephemeral_relay,censor_block_ttl_multiplier,1,-0.29808307810665535,-0.5410122749624244,0.005236783996504339,100
resource_bounded_composed,ephemeral_relay,censor_retrain_interval,1,0.13129473965553295,-0.2277194998626564,0.4246275011441029,100
resource_bounded_composed,ephemeral_relay,censor_platform_filter_rate,0,nan,nan,nan,0
resource_bounded_composed,ephemeral_relay,network_latency_multiplier,1,-0.19689934715017418,-0.4617169036418181,0.09687870789167541,100
resource_bounded_composed,ephemeral_relay,network_loss_multiplier,1,-0.5877662772914681,-0.7237024703443083,-0.29683737414821415,100
resource_bounded_composed,ephemeral_relay,network_bandwidth_multiplier,1,0.4604749760830646,0.13618906192269933,0.6589507414790319,100
resource_bounded_composed,platform_controlled,architecture_passive_separability_multiplier,1,0.08871010261377606,-0.19055154946032024,0.36717310769174716,100
resource_bounded_composed,platform_controlled,architecture_discovery_rate_multiplier,1,-0.07783957868650633,-0.3235756112069203,0.2859118382026192,100
resource_bounded_composed,platform_controlled,architecture_probe_confirmation_multiplier,1,-0.0875117152928568,-0.3211794965901076,0.22428724388117074,100
resource_bounded_composed,platform_controlled,architecture_endpoint_pool_multiplier,1,0.22921460024697252,-0.08781746641024671,0.47773719010243987,100
resource_bounded_composed,platform_controlled,architecture_rotation_speed_multiplier,0,nan,nan,nan,0
resource_bounded_composed,platform_controlled,architecture_protocol_diversity_multiplier,1,0.036142468779976025,-0.24084176026809664,0.3712752114641246,100
resource_bounded_composed,platform_controlled,architecture_transport_overhead_multiplier,1,-0.3997158815596686,-0.6258991348603365,-0.20364017435677734,100
resource_bounded_composed,platform_controlled,censor_false_positive_cap,1,0.047959829983337525,-0.28891279644378187,0.28600811856527003,100
resource_bounded_composed,platform_controlled,censor_path_enforcement,1,0.09341821274513135,-0.14681160044407524,0.37868608499868905,100
resource_bounded_composed,platform_controlled,censor_budget_multiplier,1,0.029135046803763484,-0.3061188995251257,0.28809485121533335,100
resource_bounded_composed,platform_controlled,censor_block_ttl_multiplier,1,0.11163292051168232,-0.20459983949842517,0.41331633149524916,100
resource_bounded_composed,platform_controlled,censor_retrain_interval,1,-0.10694725323792587,-0.29584523631028137,0.2018039167942408,100
resource_bounded_composed,platform_controlled,censor_platform_filter_rate,1,-0.49346669010575617,-0.6980220499614896,-0.10940134336380332,100
resource_bounded_composed,platform_controlled,network_latency_multiplier,1,-0.5740176384212644,-0.7394003369329825,-0.33133473847221256,100
resource_bounded_composed,platform_controlled,network_loss_multiplier,1,-0.9619972788611019,-0.9795497603958014,-0.9058023284050022,100
resource_bounded_composed,platform_controlled,network_bandwidth_multiplier,1,0.8252224194939503,0.6591154126153312,0.8947165853606337,100
adaptive_composed,direct_e2ee,architecture_passive_separability_multiplier,1,-0.944820458984874,-0.9662382769389419,-0.8877192442601156,100
adaptive_composed,direct_e2ee,architecture_discovery_rate_multiplier,1,-0.10227067556545051,-0.42128029874638473,0.16444514842771066,100
adaptive_composed,direct_e2ee,architecture_probe_confirmation_multiplier,1,-0.3760159345508624,-0.5645721106396261,-0.1407900023543516,100
adaptive_composed,direct_e2ee,architecture_endpoint_pool_multiplier,1,0.7091010460827217,0.4327952228915306,0.8210012842866602,100
adaptive_composed,direct_e2ee,architecture_rotation_speed_multiplier,0,nan,nan,nan,0
adaptive_composed,direct_e2ee,architecture_protocol_diversity_multiplier,1,-0.02684151742435924,-0.3287791194847305,0.23985122484563048,100
adaptive_composed,direct_e2ee,architecture_transport_overhead_multiplier,1,0.07032742828678966,-0.20449151316341374,0.3285294031711082,100
adaptive_composed,direct_e2ee,censor_false_positive_cap,1,-0.8328569898955394,-0.8966798721713137,-0.6768306847675989,100
adaptive_composed,direct_e2ee,censor_path_enforcement,1,-0.23023291557617442,-0.43449287739473885,0.07183252517887213,100
adaptive_composed,direct_e2ee,censor_budget_multiplier,1,0.33606283516124835,0.0641557309312854,0.5655516503983277,100
adaptive_composed,direct_e2ee,censor_block_ttl_multiplier,1,-0.6779954997103596,-0.7770912185436397,-0.48085744103603634,100
adaptive_composed,direct_e2ee,censor_retrain_interval,1,0.08026517539550053,-0.235274591282725,0.34358558833123626,100
adaptive_composed,direct_e2ee,censor_platform_filter_rate,0,nan,nan,nan,0
adaptive_composed,direct_e2ee,network_latency_multiplier,1,0.0048924575450403265,-0.2896797149542057,0.28600105502891177,100
adaptive_composed,direct_e2ee,network_loss_multiplier,1,0.023672061240112504,-0.20204390708897216,0.26825586758418507,100
adaptive_composed,direct_e2ee,network_bandwidth_multiplier,1,0.09052466112531386,-0.24155253753891573,0.33344435875847755,100
adaptive_composed,fixed_proxy,architecture_passive_separability_multiplier,1,-0.9618133080546266,-0.9723938553801749,-0.9097204471105791,100
adaptive_composed,fixed_proxy,architecture_discovery_rate_multiplier,1,0.0627736537639282,-0.29336811088681497,0.3233754724338309,100
adaptive_composed,fixed_proxy,architecture_probe_confirmation_multiplier,1,-0.5718619345770037,-0.7111426862766462,-0.29518090763841914,100
adaptive_composed,fixed_proxy,architecture_endpoint_pool_multiplier,1,0.7057379321568327,0.4455187697360933,0.8325925683425065,100
adaptive_composed,fixed_proxy,architecture_rotation_speed_multiplier,0,nan,nan,nan,0
adaptive_composed,fixed_proxy,architecture_protocol_diversity_multiplier,1,-0.03742231366511092,-0.30497740916488125,0.2739704044801096,100
adaptive_composed,fixed_proxy,architecture_transport_overhead_multiplier,1,0.10223449517254257,-0.1895733960843827,0.35835048405724473,100
adaptive_composed,fixed_proxy,censor_false_positive_cap,1,-0.8645523366040726,-0.9195556400531393,-0.7152562334730211,100
adaptive_composed,fixed_proxy,censor_path_enforcement,1,-0.2733660263753799,-0.5217570770807236,0.05956098991467725,100
adaptive_composed,fixed_proxy,censor_budget_multiplier,1,0.011518182521566167,-0.2480505228421575,0.3832318435669377,100
adaptive_composed,fixed_proxy,censor_block_ttl_multiplier,1,-0.7649275155778168,-0.8421658477819345,-0.5521160091019629,100
adaptive_composed,fixed_proxy,censor_retrain_interval,1,0.10367237294522028,-0.2212924421108088,0.34547162895817635,100
adaptive_composed,fixed_proxy,censor_platform_filter_rate,0,nan,nan,nan,0
adaptive_composed,fixed_proxy,network_latency_multiplier,1,-0.03743899935474684,-0.27122390171783933,0.2256525991652793,100
adaptive_composed,fixed_proxy,network_loss_multiplier,1,-0.030283455192946916,-0.2918857334643384,0.2678365291381477,100
adaptive_composed,fixed_proxy,network_bandwidth_multiplier,1,0.06435564461787888,-0.27945250876895644,0.36694777003171186,100
adaptive_composed,generated_transport,architecture_passive_separability_multiplier,1,-0.7997021305601354,-0.8546541075931946,-0.6764514907806888,100
adaptive_composed,generated_transport,architecture_discovery_rate_multiplier,1,0.16030094386533078,-0.16216051670350676,0.416428508761243,100
adaptive_composed,generated_transport,architecture_probe_confirmation_multiplier,1,-0.21666571712012678,-0.378536669522515,0.04532997455029733,100
adaptive_composed,generated_transport,architecture_endpoint_pool_multiplier,1,0.3080209101909868,0.036375852130137706,0.5740051045230778,100
adaptive_composed,generated_transport,architecture_rotation_speed_multiplier,1,0.1538116179513073,-0.19088141837545783,0.4459686175715527,100
adaptive_composed,generated_transport,architecture_protocol_diversity_multiplier,1,-0.7802520841658831,-0.8504380897158272,-0.6205130993895451,100
adaptive_composed,generated_transport,architecture_transport_overhead_multiplier,1,-0.16899338205915318,-0.39726740639777,0.14234575750653272,100
adaptive_composed,generated_transport,censor_false_positive_cap,1,-0.6926528882556191,-0.8214111071159184,-0.4573474580203361,100
adaptive_composed,generated_transport,censor_path_enforcement,1,-0.13396991133643327,-0.41729256134469656,0.08602494851904488,100
adaptive_composed,generated_transport,censor_budget_multiplier,1,-0.213002877507475,-0.4746114239669514,0.05115270495346004,100
adaptive_composed,generated_transport,censor_block_ttl_multiplier,1,-0.4472476251653039,-0.5811983879017294,-0.09724514979308277,100
adaptive_composed,generated_transport,censor_retrain_interval,1,0.07621119327827061,-0.227733868910206,0.3823821920460447,100
adaptive_composed,generated_transport,censor_platform_filter_rate,0,nan,nan,nan,0
adaptive_composed,generated_transport,network_latency_multiplier,1,-0.010010702594417999,-0.3094681032171484,0.2531859754141035,100
adaptive_composed,generated_transport,network_loss_multiplier,1,-0.7151048143868939,-0.8205120262837352,-0.5228832378641958,100
adaptive_composed,generated_transport,network_bandwidth_multiplier,1,0.5633911815873185,0.32076202095732714,0.7625187955813589,100
adaptive_composed,ephemeral_relay,architecture_passive_separability_multiplier,1,-0.9523453542509495,-0.9668573903428088,-0.9109450377876172,100
adaptive_composed,ephemeral_relay,architecture_discovery_rate_multiplier,1,0.11466077163269961,-0.2414540717320143,0.4148335986956002,100
adaptive_composed,ephemeral_relay,architecture_probe_confirmation_multiplier,1,0.050119473686934646,-0.23142513080337873,0.34205957355298744,100
adaptive_composed,ephemeral_relay,architecture_endpoint_pool_multiplier,1,0.07061813970906071,-0.20082555600859148,0.38005012967922214,100
adaptive_composed,ephemeral_relay,architecture_rotation_speed_multiplier,1,-0.13932061990075986,-0.37416248898261095,0.18854666525572933,100
adaptive_composed,ephemeral_relay,architecture_protocol_diversity_multiplier,1,-0.03643212001565969,-0.309719323443845,0.2676880416659356,100
adaptive_composed,ephemeral_relay,architecture_transport_overhead_multiplier,1,0.017610930526667744,-0.3195519000018079,0.288632942899423,100
adaptive_composed,ephemeral_relay,censor_false_positive_cap,1,-0.7894973356469205,-0.8662936059881896,-0.6081732925401182,100
adaptive_composed,ephemeral_relay,censor_path_enforcement,1,-0.28709860986498675,-0.5231153505474302,-0.006918996769886124,100
adaptive_composed,ephemeral_relay,censor_budget_multiplier,1,0.004112609804469878,-0.28213022618731154,0.29056994560774896,100
adaptive_composed,ephemeral_relay,censor_block_ttl_multiplier,1,-0.2833927743441567,-0.4908653828473284,-0.016050318773066934,100
adaptive_composed,ephemeral_relay,censor_retrain_interval,1,0.12401486870106646,-0.17617372807026974,0.3831577176893873,100
adaptive_composed,ephemeral_relay,censor_platform_filter_rate,0,nan,nan,nan,0
adaptive_composed,ephemeral_relay,network_latency_multiplier,1,-0.17548877948683858,-0.41706405124478707,0.12491900106911027,100
adaptive_composed,ephemeral_relay,network_loss_multiplier,1,-0.5795570422784669,-0.7327439294575682,-0.33640700789233846,100
adaptive_composed,ephemeral_relay,network_bandwidth_multiplier,1,0.4523933286909836,0.20512095969938013,0.6466857346335172,100
adaptive_composed,platform_controlled,architecture_passive_separability_multiplier,1,0.08871010261377606,-0.1745823163602009,0.36433842403399647,100
adaptive_composed,platform_controlled,architecture_discovery_rate_multiplier,1,-0.07783957868650633,-0.3754130074097923,0.24951077747731365,100
adaptive_composed,platform_controlled,architecture_probe_confirmation_multiplier,1,-0.0875117152928568,-0.35173364074067576,0.12764013147494907,100
adaptive_composed,platform_controlled,architecture_endpoint_pool_multiplier,1,0.22921460024697252,-0.13185558514561968,0.3419837932273947,100
adaptive_composed,platform_controlled,architecture_rotation_speed_multiplier,0,nan,nan,nan,0
adaptive_composed,platform_controlled,architecture_protocol_diversity_multiplier,1,0.036142468779976025,-0.2626171970272232,0.25315328677552573,100
adaptive_composed,platform_controlled,architecture_transport_overhead_multiplier,1,-0.3997158815596686,-0.6137053842243867,-0.15984377932254318,100
adaptive_composed,platform_controlled,censor_false_positive_cap,1,0.047959829983337525,-0.21656468663168782,0.2816241798740462,100
adaptive_composed,platform_controlled,censor_path_enforcement,1,0.09341821274513135,-0.13071857172910362,0.3756730617905498,100
adaptive_composed,platform_controlled,censor_budget_multiplier,1,0.029135046803763484,-0.29183144689633217,0.3020894519406033,100
adaptive_composed,platform_controlled,censor_block_ttl_multiplier,1,0.11163292051168232,-0.17211875027689527,0.3549873785504786,100
adaptive_composed,platform_controlled,censor_retrain_interval,1,-0.10694725323792587,-0.3174599558004372,0.186458802150805,100
adaptive_composed,platform_controlled,censor_platform_filter_rate,1,-0.49346669010575617,-0.641550476736525,-0.1954550081580118,100
adaptive_composed,platform_controlled,network_latency_multiplier,1,-0.5740176384212644,-0.7624328970128906,-0.3446561303353192,100
adaptive_composed,platform_controlled,network_loss_multiplier,1,-0.9619972788611019,-0.979401097378698,-0.9110304919743993,100
adaptive_composed,platform_controlled,network_bandwidth_multiplier,1,0.8252224194939503,0.6349355428723766,0.8975344889383011,100
